origin,destination,regime
ALG,AMM,WCO
ALG,ATH,WCO
ALG,BCN,WCO
ALG,BEY,WCO
ALG,CAI,WCO
ALG,CMN,WCO
ALG,FCO,WCO
ALG,IST,WCO
ALG,LIS,WCO
ALG,MAD,WCO
ALG,MLA,WCO
ALG,MRS,WCO
ALG,NKC,WCO
ALG,TLV,WCO
ALG,TUN,WCO
ALG,TIP,WCO
ALG,VLC,WCO
ALG,BKK,WCO
ALG,BOM,WCO
ALG,DXB,WCO
ALG,JED,WCO
ALG,PUS,WCO
ALG,HKG,WCO
ALG,MLA,WCO
ALG,TIA,WCO
ALG,AMS,WCO
AMM,ALG,WCO
AMM,ATH,WCO
AMM,BCN,WCO
AMM,BEY,WCO
AMM,CAI,WCO
AMM,CMN,WCO
AMM,FCO,WCO
AMM,IST,WCO
AMM,LIS,WCO
AMM,MAD,WCO
AMM,MLA,WCO
AMM,MRS,WCO
AMM,NKC,WCO
AMM,TLV,WCO
AMM,TUN,WCO
AMM,TIP,WCO
AMM,VLC,WCO
AMM,BKK,WCO
AMM,BOM,WCO
AMM,DXB,WCO
AMM,JED,WCO
AMM,PUS,WCO
AMM,HKG,WCO
AMM,MLA,WCO
AMM,TIA,WCO
AMM,AMS,WCO
ATH,ALG,WCO
ATH,AMM,WCO
ATH,BCN,SCHENGEN
ATH,BEY,WCO
ATH,CAI,WCO
ATH,CMN,WCO
ATH,FCO,SCHENGEN
ATH,IST,WCO
ATH,LIS,SCHENGEN
ATH,MAD,SCHENGEN
ATH,MLA,SCHENGEN
ATH,MRS,SCHENGEN
ATH,NKC,WCO
ATH,TLV,WCO
ATH,TUN,WCO
ATH,TIP,WCO
ATH,VLC,WCO
ATH,BKK,WCO
ATH,BOM,WCO
ATH,DXB,WCO
ATH,JED,WCO
ATH,PUS,WCO
ATH,HKG,WCO
ATH,MLA,SCHENGEN
ATH,TIA,SCHENGEN
ATH,AMS,SCHENGEN
BCN,ALG,WCO
BCN,AMM,WCO
BCN,ATH,SCHENGEN
BCN,BEY,WCO
BCN,CAI,WCO
BCN,CMN,WCO
BCN,FCO,SCHENGEN
BCN,IST,WCO
BCN,LIS,WCO
BCN,MAD,SCHENGEN
BCN,MLA,SCHENGEN
BCN,MRS,SCHENGEN
BCN,NKC,WCO
BCN,TLV,WCO
BCN,TUN,WCO
BCN,TIP,WCO
BCN,VLC,WCO
BCN,BKK,WCO
BCN,BOM,WCO
BCN,DXB,WCO
BCN,JED,WCO
BCN,PUS,WCO
BCN,HKG,WCO
BCN,MLA,SCHENGEN
BCN,TIA,SCHENGEN
BCN,AMS,SCHENGEN
BEY,ALG,WCO
BEY,AMM,WCO
BEY,ATH,WCO
BEY,BCN,WCO
BEY,CAI,WCO
BEY,CMN,WCO
BEY,FCO,WCO
BEY,IST,WCO
BEY,LIS,WCO
BEY,MAD,WCO
BEY,MLA,WCO
BEY,MRS,WCO
BEY,NKC,WCO
BEY,TLV,WCO
BEY,TUN,WCO
BEY,TIP,WCO
BEY,VLC,WCO
BEY,BKK,WCO
BEY,BOM,WCO
BEY,DXB,WCO
BEY,JED,WCO
BEY,PUS,WCO
BEY,HKG,WCO
BEY,MLA,WCO
BEY,TIA,WCO
BEY,AMS,WCO
CAI,ALG,WCO
CAI,AMM,WCO
CAI,ATH,WCO
CAI,BCN,WCO
CAI,BEY,WCO
CAI,CMN,WCO
CAI,FCO,WCO
CAI,IST,WCO
CAI,LIS,WCO
CAI,MAD,WCO
CAI,MLA,WCO
CAI,MRS,WCO
CAI,NKC,AFCFTA
CAI,TLV,WCO
CAI,TUN,AFCFTA
CAI,TIP,WCO
CAI,VLC,WCO
CAI,BKK,WCO
CAI,BOM,WCO
CAI,DXB,WCO
CAI,JED,WCO
CAI,PUS,WCO
CAI,HKG,WCO
CAI,MLA,WCO
CAI,TIA,WCO
CAI,AMS,WCO
CMN,ALG,WCO
CMN,AMM,WCO
CMN,ATH,WCO
CMN,BCN,WCO
CMN,BEY,WCO
CMN,CAI,WCO
CMN,FCO,WCO
CMN,IST,WCO
CMN,LIS,WCO
CMN,MAD,WCO
CMN,MLA,WCO
CMN,MRS,WCO
CMN,NKC,WCO
CMN,TLV,WCO
CMN,TUN,WCO
CMN,TIP,WCO
CMN,VLC,WCO
CMN,BKK,WCO
CMN,BOM,WCO
CMN,DXB,WCO
CMN,JED,WCO
CMN,PUS,WCO
CMN,HKG,WCO
CMN,MLA,WCO
CMN,TIA,WCO
CMN,AMS,WCO
FCO,ALG,WCO
FCO,AMM,WCO
FCO,ATH,SCHENGEN
FCO,BCN,SCHENGEN
FCO,BEY,WCO
FCO,CAI,WCO
FCO,CMN,WCO
FCO,IST,WCO
FCO,LIS,SCHENGEN
FCO,MAD,SCHENGEN
FCO,MLA,SCHENGEN
FCO,MRS,SCHENGEN
FCO,NKC,WCO
FCO,TLV,WCO
FCO,TUN,WCO
FCO,TIP,WCO
FCO,VLC,WCO
FCO,BKK,WCO
FCO,BOM,WCO
FCO,DXB,WCO
FCO,JED,WCO
FCO,PUS,WCO
FCO,HKG,WCO
FCO,MLA,SCHENGEN
FCO,TIA,SCHENGEN
FCO,AMS,SCHENGEN
IST,ALG,WCO
IST,AMM,WCO
IST,ATH,WCO
IST,BCN,WCO
IST,BEY,WCO
IST,CAI,WCO
IST,CMN,WCO
IST,FCO,WCO
IST,LIS,WCO
IST,MAD,WCO
IST,MLA,WCO
IST,MRS,WCO
IST,NKC,WCO
IST,TLV,WCO
IST,TUN,WCO
IST,TIP,WCO
IST,VLC,WCO
IST,BKK,WCO
IST,BOM,WCO
IST,DXB,WCO
IST,JED,WCO
IST,PUS,WCO
IST,HKG,WCO
IST,MLA,WCO
IST,TIA,WCO
IST,AMS,WCO
LIS,ALG,WCO
LIS,AMM,WCO
LIS,ATH,SCHENGEN
LIS,BCN,SCHENGEN
LIS,BEY,WCO
LIS,CAI,WCO
LIS,CMN,WCO
LIS,FCO,SCHENGEN
LIS,IST,WCO
LIS,MAD,SCHENGEN
LIS,MLA,SCHENGEN
LIS,MRS,SCHENGEN
LIS,NKC,WCO
LIS,TLV,WCO
LIS,TUN,WCO
LIS,TIP,WCO
LIS,VLC,WCO
LIS,BKK,WCO
LIS,BOM,WCO
LIS,DXB,WCO
LIS,JED,WCO
LIS,PUS,WCO
LIS,HKG,WCO
LIS,MLA,SCHENGEN
LIS,TIA,SCHENGEN
LIS,AMS,SCHENGEN
MAD,ALG,WCO
MAD,AMM,WCO
MAD,ATH,SCHENGEN
MAD,BCN,SCHENGEN
MAD,BEY,WCO
MAD,CAI,WCO
MAD,CMN,WCO
MAD,FCO,SCHENGEN
MAD,IST,WCO
MAD,LIS,SCHENGEN
MAD,MLA,SCHENGEN
MAD,MRS,SCHENGEN
MAD,NKC,WCO
MAD,TLV,WCO
MAD,TUN,WCO
MAD,TIP,WCO
MAD,VLC,WCO
MAD,BKK,WCO
MAD,BOM,WCO
MAD,DXB,WCO
MAD,JED,WCO
MAD,PUS,WCO
MAD,HKG,WCO
MAD,MLA,SCHENGEN
MAD,TIA,SCHENGEN
MAD,AMS,SCHENGEN
MLA,ALG,WCO
MLA,AMM,WCO
MLA,ATH,SCHENGEN
MLA,BCN,SCHENGEN
MLA,BEY,WCO
MLA,CAI,WCO
MLA,CMN,WCO
MLA,FCO,SCHENGEN
MLA,IST,WCO
MLA,LIS,SCHENGEN
MLA,MAD,SCHENGEN
MLA,MRS,SCHENGEN
MLA,NKC,WCO
MLA,TLV,WCO
MLA,TUN,WCO
MLA,TIP,WCO
MLA,VLC,WCO
MLA,BKK,WCO
MLA,BOM,WCO
MLA,DXB,WCO
MLA,JED,WCO
MLA,PUS,WCO
MLA,HKG,WCO
MLA,TIA,SCHENGEN
MLA,AMS,SCHENGEN
MRS,ALG,WCO
MRS,AMM,WCO
MRS,ATH,SCHENGEN
MRS,BCN,SCHENGEN
MRS,BEY,WCO
MRS,CAI,WCO
MRS,CMN,WCO
MRS,FCO,SCHENGEN
MRS,IST,WCO
MRS,LIS,SCHENGEN
MRS,MAD,SCHENGEN
MRS,MLA,SCHENGEN
MRS,NKC,WCO
MRS,TLV,WCO
MRS,TUN,WCO
MRS,TIP,WCO
MRS,VLC,WCO
MRS,BKK,WCO
MRS,BOM,WCO
MRS,DXB,WCO
MRS,JED,WCO
MRS,PUS,WCO
MRS,HKG,WCO
MRS,MLA,SCHENGEN
MRS,TIA,SCHENGEN
MRS,AMS,SCHENGEN
NKC,ALG,WCO
NKC,AMM,WCO
NKC,ATH,WCO
NKC,BCN,WCO
NKC,BEY,WCO
NKC,CAI,AFCFTA
NKC,CMN,WCO
NKC,FCO,WCO
NKC,IST,WCO
NKC,LIS,WCO
NKC,MAD,WCO
NKC,MLA,WCO
NKC,MRS,WCO
NKC,TLV,WCO
NKC,TUN,AFCFTA
NKC,TIP,WCO
NKC,VLC,WCO
NKC,BKK,WCO
NKC,BOM,WCO
NKC,DXB,WCO
NKC,JED,WCO
NKC,PUS,WCO
NKC,HKG,WCO
NKC,MLA,WCO
NKC,TIA,WCO
NKC,AMS,WCO
TLV,ALG,WCO
TLV,AMM,WCO
TLV,ATH,WCO
TLV,BCN,WCO
TLV,BEY,WCO
TLV,CAI,WCO
TLV,CMN,WCO
TLV,FCO,WCO
TLV,IST,WCO
TLV,LIS,WCO
TLV,MAD,WCO
TLV,MLA,WCO
TLV,MRS,WCO
TLV,NKC,WCO
TLV,TUN,WCO
TLV,TIP,WCO
TLV,VLC,WCO
TLV,BKK,WCO
TLV,BOM,WCO
TLV,DXB,WCO
TLV,JED,WCO
TLV,PUS,WCO
TLV,HKG,WCO
TLV,MLA,WCO
TLV,TIA,WCO
TLV,AMS,WCO
TUN,ALG,WCO
TUN,AMM,WCO
TUN,ATH,WCO
TUN,BCN,WCO
TUN,BEY,WCO
TUN,CAI,AFCFTA
TUN,CMN,WCO
TUN,FCO,WCO
TUN,IST,WCO
TUN,LIS,WCO
TUN,MAD,WCO
TUN,MLA,WCO
TUN,MRS,WCO
TUN,NKC,AFCFTA
TUN,TLV,WCO
TUN,TIP,WCO
TUN,VLC,WCO
TUN,BKK,WCO
TUN,BOM,WCO
TUN,DXB,WCO
TUN,JED,WCO
TUN,PUS,WCO
TUN,HKG,WCO
TUN,MLA,WCO
TUN,TIA,WCO
TUN,AMS,WCO
TIP,ALG,WCO
TIP,AMM,WCO
TIP,ATH,WCO
TIP,BCN,WCO
TIP,BEY,WCO
TIP,CAI,WCO
TIP,CMN,WCO
TIP,FCO,WCO
TIP,IST,WCO
TIP,LIS,WCO
TIP,MAD,WCO
TIP,MLA,WCO
TIP,MRS,WCO
TIP,NKC,WCO
TIP,TLV,WCO
TIP,TUN,WCO
TIP,VLC,WCO
TIP,BKK,WCO
TIP,BOM,WCO
TIP,DXB,WCO
TIP,JED,WCO
TIP,PUS,WCO
TIP,HKG,WCO
TIP,MLA,WCO
TIP,TIA,WCO
TIP,AMS,WCO
VLC,ALG,WCO
VLC,AMM,WCO
VLC,ATH,SCHENGEN
VLC,BCN,SCHENGEN
VLC,BEY,WCO
VLC,CAI,WCO
VLC,CMN,WCO
VLC,FCO,SCHENGEN
VLC,IST,WCO
VLC,LIS,SCHENGEN
VLC,MAD,SCHENGEN
VLC,MLA,SCHENGEN
VLC,MRS,SCHENGEN
VLC,NKC,WCO
VLC,TLV,WCO
VLC,TUN,WCO
VLC,TIP,WCO
VLC,BKK,WCO
VLC,BOM,WCO
VLC,DXB,WCO
VLC,JED,WCO
VLC,PUS,WCO
VLC,HKG,WCO
VLC,MLA,SCHENGEN
VLC,TIA,SCHENGEN
VLC,AMS,SCHENGEN
BKK,ALG,WCO
BKK,AMM,WCO
BKK,ATH,WCO
BKK,BCN,WCO
BKK,BEY,WCO
BKK,CAI,WCO
BKK,CMN,WCO
BKK,FCO,WCO
BKK,IST,WCO
BKK,LIS,WCO
BKK,MAD,WCO
BKK,MLA,WCO
BKK,MRS,WCO
BKK,NKC,WCO
BKK,TLV,WCO
BKK,TUN,WCO
BKK,TIP,WCO
BKK,VLC,WCO
BKK,BOM,WCO
BKK,DXB,WCO
BKK,JED,WCO
BKK,PUS,WCO
BKK,HKG,WCO
BKK,MLA,WCO
BKK,TIA,WCO
BKK,AMS,WCO
BOM,ALG,WCO
BOM,AMM,WCO
BOM,ATH,WCO
BOM,BCN,WCO
BOM,BEY,WCO
BOM,CAI,WCO
BOM,CMN,WCO
BOM,FCO,WCO
BOM,IST,WCO
BOM,LIS,WCO
BOM,MAD,WCO
BOM,MLA,WCO
BOM,MRS,WCO
BOM,NKC,WCO
BOM,TLV,WCO
BOM,TUN,WCO
BOM,TIP,WCO
BOM,VLC,WCO
BOM,BKK,WCO
BOM,DXB,WCO
BOM,JED,WCO
BOM,PUS,WCO
BOM,HKG,WCO
BOM,MLA,WCO
BOM,TIA,WCO
BOM,AMS,WCO
DXB,ALG,WCO
DXB,AMM,WCO
DXB,ATH,WCO
DXB,BCN,WCO
DXB,BEY,WCO
DXB,CAI,WCO
DXB,CMN,WCO
DXB,FCO,WCO
DXB,IST,WCO
DXB,LIS,WCO
DXB,MAD,WCO
DXB,MLA,WCO
DXB,MRS,WCO
DXB,NKC,WCO
DXB,TLV,WCO
DXB,TUN,WCO
DXB,TIP,WCO
DXB,VLC,WCO
DXB,BKK,WCO
DXB,BOM,WCO
DXB,PUS,WCO
DXB,HKG,WCO
DXB,MLA,WCO
DXB,TIA,WCO
DXB,AMS,WCO
JED,ALG,WCO
JED,AMM,WCO
JED,ATH,WCO
JED,BCN,WCO
JED,BEY,WCO
JED,CAI,WCO
JED,CMN,WCO
JED,FCO,WCO
JED,IST,WCO
JED,LIS,WCO
JED,MAD,WCO
JED,MLA,WCO
JED,MRS,WCO
JED,NKC,WCO
JED,TLV,WCO
JED,TUN,WCO
JED,TIP,WCO
JED,VLC,WCO
JED,BKK,WCO
JED,BOM,WCO
JED,PUS,WCO
JED,HKG,WCO
JED,MLA,WCO
JED,TIA,WCO
JED,AMS,WCO
PUS,ALG,WCO
PUS,AMM,WCO
PUS,ATH,WCO
PUS,BCN,WCO
PUS,BEY,WCO
PUS,CAI,WCO
PUS,CMN,WCO
PUS,FCO,WCO
PUS,IST,WCO
PUS,LIS,WCO
PUS,MAD,WCO
PUS,MLA,WCO
PUS,MRS,WCO
PUS,NKC,WCO
PUS,TLV,WCO
PUS,TUN,WCO
PUS,TIP,WCO
PUS,VLC,WCO
PUS,BKK,WCO
PUS,BOM,WCO
PUS,DXB,WCO
PUS,JED,WCO
PUS,HKG,WCO
PUS,MLA,WCO
PUS,TIA,WCO
PUS,AMS,WCO
HKG,ALG,WCO
HKG,AMM,WCO
HKG,ATH,WCO
HKG,BCN,WCO
HKG,BEY,WCO
HKG,CAI,WCO
HKG,CMN,WCO
HKG,FCO,WCO
HKG,IST,WCO
HKG,LIS,WCO
HKG,MAD,WCO
HKG,MLA,WCO
HKG,MRS,WCO
HKG,NKC,WCO
HKG,TLV,WCO
HKG,TUN,WCO
HKG,TIP,WCO
HKG,VLC,WCO
HKG,BKK,WCO
HKG,BOM,WCO
HKG,DXB,WCO
HKG,JED,WCO
HKG,PUS,WCO
HKG,MLA,WCO
HKG,TIA,WCO
HKG,AMS,WCO
MLA,ALG,WCO
MLA,AMM,WCO
MLA,ATH,SCHENGEN
MLA,BCN,SCHENGEN
MLA,BEY,WCO
MLA,CAI,WCO
MLA,CMN,WCO
MLA,FCO,SCHENGEN
MLA,IST,WCO
MLA,LIS,SCHENGEN
MLA,MAD,SCHENGEN
MLA,MRS,SCHENGEN
MLA,NKC,WCO
MLA,TLV,WCO
MLA,TUN,WCO
MLA,TIP,WCO
MLA,VLC,SCHENGEN
MLA,BKK,WCO
MLA,BOM,WCO
MLA,DXB,WCO
MLA,JED,WCO
MLA,PUS,WCO
MLA,HKG,WCO
MLA,TIA,SCHENGEN
MLA,AMS,SCHENGEN
TIA,ALG,WCO
TIA,AMM,WCO
TIA,ATH,SCHENGEN
TIA,BCN,SCHENGEN
TIA,BEY,WCO
TIA,CAI,WCO
TIA,CMN,WCO
TIA,FCO,SCHENGEN
TIA,IST,WCO
TIA,LIS,SCHENGEN
TIA,MAD,SCHENGEN
TIA,MLA,SCHENGEN
TIA,MRS,SCHENGEN
TIA,NKC,WCO
TIA,TLV,WCO
TIA,TUN,WCO
TIA,TIP,WCO
TIA,VLC,SCHENGEN
TIA,BKK,WCO
TIA,BOM,WCO
TIA,DXB,WCO
TIA,JED,WCO
TIA,PUS,WCO
TIA,HKG,WCO
TIA,MLA,SCHENGEN
TIA,AMS,SCHENGEN
AMS,ALG,WCO
AMS,AMM,WCO
AMS,ATH,SCHENGEN
AMS,BCN,SCHENGEN
AMS,BEY,WCO
AMS,CAI,WCO
AMS,CMN,WCO
AMS,FCO,SCHENGEN
AMS,IST,WCO
AMS,LIS,SCHENGEN
AMS,MAD,SCHENGEN
AMS,MLA,SCHENGEN
AMS,MRS,SCHENGEN
AMS,NKC,WCO
AMS,TLV,WCO
AMS,TUN,WCO
AMS,TIP,WCO
AMS,VLC,SCHENGEN
AMS,BKK,WCO
AMS,BOM,WCO
AMS,DXB,WCO
AMS,JED,WCO
AMS,PUS,WCO
AMS,HKG,WCO
AMS,MLA,SCHENGEN
AMS,TIA,SCHENGEN
