origin,destination,document_url
ALG,AMM,https://drive.google.com/file/d/1hGlm5WnL9CPE9sgvlbodCK6d1JWC3YPh/view?usp=drive_link
ALG,ATH,https://drive.google.com/file/d/1hGlm5WnL9CPE9sgvlbodCK6d1JWC3YPh/view?usp=drive_link
ALG,BCN,https://drive.google.com/file/d/1hGlm5WnL9CPE9sgvlbodCK6d1JWC3YPh/view?usp=drive_link
ALG,BEY,https://drive.google.com/file/d/1hGlm5WnL9CPE9sgvlbodCK6d1JWC3YPh/view?usp=drive_link
ALG,CAI,https://drive.google.com/file/d/1hGlm5WnL9CPE9sgvlbodCK6d1JWC3YPh/view?usp=drive_link
ALG,CMN,https://drive.google.com/file/d/1hGlm5WnL9CPE9sgvlbodCK6d1JWC3YPh/view?usp=drive_link
ALG,FCO,https://drive.google.com/file/d/1hGlm5WnL9CPE9sgvlbodCK6d1JWC3YPh/view?usp=drive_link
ALG,IST,https://drive.google.com/file/d/1hGlm5WnL9CPE9sgvlbodCK6d1JWC3YPh/view?usp=drive_link
ALG,LIS,https://drive.google.com/file/d/1hGlm5WnL9CPE9sgvlbodCK6d1JWC3YPh/view?usp=drive_link
ALG,MAD,https://drive.google.com/file/d/1hGlm5WnL9CPE9sgvlbodCK6d1JWC3YPh/view?usp=drive_link
ALG,MLA,https://drive.google.com/file/d/1hGlm5WnL9CPE9sgvlbodCK6d1JWC3YPh/view?usp=drive_link
ALG,MRS,https://drive.google.com/file/d/1hGlm5WnL9CPE9sgvlbodCK6d1JWC3YPh/view?usp=drive_link
ALG,NKC,https://drive.google.com/file/d/1hGlm5WnL9CPE9sgvlbodCK6d1JWC3YPh/view?usp=drive_link
ALG,TLV,https://drive.google.com/file/d/1hGlm5WnL9CPE9sgvlbodCK6d1JWC3YPh/view?usp=drive_link
ALG,TUN,https://drive.google.com/file/d/1hGlm5WnL9CPE9sgvlbodCK6d1JWC3YPh/view?usp=drive_link
ALG,TIP,https://drive.google.com/file/d/1hGlm5WnL9CPE9sgvlbodCK6d1JWC3YPh/view?usp=drive_link
ALG,VLC,https://drive.google.com/file/d/1hGlm5WnL9CPE9sgvlbodCK6d1JWC3YPh/view?usp=drive_link
ALG,BKK,https://drive.google.com/file/d/1hGlm5WnL9CPE9sgvlbodCK6d1JWC3YPh/view?usp=drive_link
ALG,BOM,https://drive.google.com/file/d/1hGlm5WnL9CPE9sgvlbodCK6d1JWC3YPh/view?usp=drive_link
ALG,DXB,https://drive.google.com/file/d/1hGlm5WnL9CPE9sgvlbodCK6d1JWC3YPh/view?usp=drive_link
ALG,JED,https://drive.google.com/file/d/1hGlm5WnL9CPE9sgvlbodCK6d1JWC3YPh/view?usp=drive_link
ALG,PUS,https://drive.google.com/file/d/1hGlm5WnL9CPE9sgvlbodCK6d1JWC3YPh/view?usp=drive_link
ALG,HKG,https://drive.google.com/file/d/1hGlm5WnL9CPE9sgvlbodCK6d1JWC3YPh/view?usp=drive_link
AMM,ALG,https://drive.google.com/file/d/1hGlm5WnL9CPE9sgvlbodCK6d1JWC3YPh/view?usp=drive_link
AMM,ATH,https://drive.google.com/file/d/1hGlm5WnL9CPE9sgvlbodCK6d1JWC3YPh/view?usp=drive_link
AMM,BCN,https://drive.google.com/file/d/1hGlm5WnL9CPE9sgvlbodCK6d1JWC3YPh/view?usp=drive_link
AMM,BEY,https://drive.google.com/file/d/1hGlm5WnL9CPE9sgvlbodCK6d1JWC3YPh/view?usp=drive_link
AMM,CAI,https://drive.google.com/file/d/1hGlm5WnL9CPE9sgvlbodCK6d1JWC3YPh/view?usp=drive_link
AMM,CMN,https://drive.google.com/file/d/1hGlm5WnL9CPE9sgvlbodCK6d1JWC3YPh/view?usp=drive_link
AMM,FCO,https://drive.google.com/file/d/1hGlm5WnL9CPE9sgvlbodCK6d1JWC3YPh/view?usp=drive_link
AMM,IST,https://drive.google.com/file/d/1hGlm5WnL9CPE9sgvlbodCK6d1JWC3YPh/view?usp=drive_link
AMM,LIS,https://drive.google.com/file/d/1hGlm5WnL9CPE9sgvlbodCK6d1JWC3YPh/view?usp=drive_link
AMM,MAD,https://drive.google.com/file/d/1hGlm5WnL9CPE9sgvlbodCK6d1JWC3YPh/view?usp=drive_link
AMM,MLA,https://drive.google.com/file/d/1hGlm5WnL9CPE9sgvlbodCK6d1JWC3YPh/view?usp=drive_link
AMM,MRS,https://drive.google.com/file/d/1hGlm5WnL9CPE9sgvlbodCK6d1JWC3YPh/view?usp=drive_link
AMM,NKC,https://drive.google.com/file/d/1hGlm5WnL9CPE9sgvlbodCK6d1JWC3YPh/view?usp=drive_link
AMM,TLV,https://drive.google.com/file/d/1hGlm5WnL9CPE9sgvlbodCK6d1JWC3YPh/view?usp=drive_link
AMM,TUN,https://drive.google.com/file/d/1hGlm5WnL9CPE9sgvlbodCK6d1JWC3YPh/view?usp=drive_link
AMM,TIP,https://drive.google.com/file/d/1hGlm5WnL9CPE9sgvlbodCK6d1JWC3YPh/view?usp=drive_link
AMM,VLC,https://drive.google.com/file/d/1hGlm5WnL9CPE9sgvlbodCK6d1JWC3YPh/view?usp=drive_link
AMM,BKK,https://drive.google.com/file/d/1hGlm5WnL9CPE9sgvlbodCK6d1JWC3YPh/view?usp=drive_link
AMM,BOM,https://drive.google.com/file/d/1hGlm5WnL9CPE9sgvlbodCK6d1JWC3YPh/view?usp=drive_link
AMM,DXB,https://drive.google.com/file/d/1hGlm5WnL9CPE9sgvlbodCK6d1JWC3YPh/view?usp=drive_link
AMM,JED,https://drive.google.com/file/d/1hGlm5WnL9CPE9sgvlbodCK6d1JWC3YPh/view?usp=drive_link
AMM,PUS,https://drive.google.com/file/d/1hGlm5WnL9CPE9sgvlbodCK6d1JWC3YPh/view?usp=drive_link
ATH,ALG,https://drive.google.com/file/d/1hGlm5WnL9CPE9sgvlbodCK6d1JWC3YPh/view?usp=drive_link
ATH,AMM,https://drive.google.com/file/d/1hGlm5WnL9CPE9sgvlbodCK6d1JWC3YPh/view?usp=drive_link
ATH,BCN,https://drive.google.com/file/d/1wP6UGZ0nxAmOPZsuBdK7QV41t__uS1ZO/view?usp=drive_link
ATH,BEY,https://drive.google.com/file/d/1hGlm5WnL9CPE9sgvlbodCK6d1JWC3YPh/view?usp=drive_link
ATH,CAI,https://drive.google.com/file/d/1hGlm5WnL9CPE9sgvlbodCK6d1JWC3YPh/view?usp=drive_link
ATH,CMN,https://drive.google.com/file/d/1hGlm5WnL9CPE9sgvlbodCK6d1JWC3YPh/view?usp=drive_link
ATH,FCO,https://drive.google.com/file/d/1wP6UGZ0nxAmOPZsuBdK7QV41t__uS1ZO/view?usp=drive_link
ATH,IST,https://drive.google.com/file/d/1hGlm5WnL9CPE9sgvlbodCK6d1JWC3YPh/view?usp=drive_link
ATH,LIS,https://drive.google.com/file/d/1wP6UGZ0nxAmOPZsuBdK7QV41t__uS1ZO/view?usp=drive_link
ATH,MAD,https://drive.google.com/file/d/1wP6UGZ0nxAmOPZsuBdK7QV41t__uS1ZO/view?usp=drive_link
ATH,MLA,https://drive.google.com/file/d/1wP6UGZ0nxAmOPZsuBdK7QV41t__uS1ZO/view?usp=drive_link
ATH,MRS,https://drive.google.com/file/d/1wP6UGZ0nxAmOPZsuBdK7QV41t__uS1ZO/view?usp=drive_link
ATH,NKC,https://drive.google.com/file/d/1hGlm5WnL9CPE9sgvlbodCK6d1JWC3YPh/view?usp=drive_link
ATH,TLV,https://drive.google.com/file/d/1hGlm5WnL9CPE9sgvlbodCK6d1JWC3YPh/view?usp=drive_link
ATH,TUN,https://drive.google.com/file/d/1hGlm5WnL9CPE9sgvlbodCK6d1JWC3YPh/view?usp=drive_link
ATH,TIP,https://drive.google.com/file/d/1hGlm5WnL9CPE9sgvlbodCK6d1JWC3YPh/view?usp=drive_link
ATH,VLC,https://drive.google.com/file/d/1hGlm5WnL9CPE9sgvlbodCK6d1JWC3YPh/view?usp=drive_link
ATH,BKK,https://drive.google.com/file/d/1hGlm5WnL9CPE9sgvlbodCK6d1JWC3YPh/view?usp=drive_link
ATH,BOM,https://drive.google.com/file/d/1hGlm5WnL9CPE9sgvlbodCK6d1JWC3YPh/view?usp=drive_link
ATH,DXB,https://drive.google.com/file/d/1hGlm5WnL9CPE9sgvlbodCK6d1JWC3YPh/view?usp=drive_link
ATH,JED,https://drive.google.com/file/d/1hGlm5WnL9CPE9sgvlbodCK6d1JWC3YPh/view?usp=drive_link
ATH,PUS,https://drive.google.com/file/d/1hGlm5WnL9CPE9sgvlbodCK6d1JWC3YPh/view?usp=drive_link
BCN,ALG,https://drive.google.com/file/d/1hGlm5WnL9CPE9sgvlbodCK6d1JWC3YPh/view?usp=drive_link
BCN,AMM,https://drive.google.com/file/d/1hGlm5WnL9CPE9sgvlbodCK6d1JWC3YPh/view?usp=drive_link
BCN,ATH,https://drive.google.com/file/d/1wP6UGZ0nxAmOPZsuBdK7QV41t__uS1ZO/view?usp=drive_link
BCN,BEY,https://drive.google.com/file/d/1hGlm5WnL9CPE9sgvlbodCK6d1JWC3YPh/view?usp=drive_link
BCN,CAI,https://drive.google.com/file/d/1hGlm5WnL9CPE9sgvlbodCK6d1JWC3YPh/view?usp=drive_link
BCN,CMN,https://drive.google.com/file/d/1hGlm5WnL9CPE9sgvlbodCK6d1JWC3YPh/view?usp=drive_link
BCN,FCO,https://drive.google.com/file/d/1wP6UGZ0nxAmOPZsuBdK7QV41t__uS1ZO/view?usp=drive_link
BCN,IST,https://drive.google.com/file/d/1hGlm5WnL9CPE9sgvlbodCK6d1JWC3YPh/view?usp=drive_link
BCN,LIS,https://drive.google.com/file/d/1hGlm5WnL9CPE9sgvlbodCK6d1JWC3YPh/view?usp=drive_link
BCN,MAD,https://drive.google.com/file/d/1wP6UGZ0nxAmOPZsuBdK7QV41t__uS1ZO/view?usp=drive_link
BCN,MLA,https://drive.google.com/file/d/1wP6UGZ0nxAmOPZsuBdK7QV41t__uS1ZO/view?usp=drive_link
BCN,MRS,https://drive.google.com/file/d/1wP6UGZ0nxAmOPZsuBdK7QV41t__uS1ZO/view?usp=drive_link
BCN,NKC,https://drive.google.com/file/d/1hGlm5WnL9CPE9sgvlbodCK6d1JWC3YPh/view?usp=drive_link
BCN,TLV,https://drive.google.com/file/d/1hGlm5WnL9CPE9sgvlbodCK6d1JWC3YPh/view?usp=drive_link
BCN,TUN,https://drive.google.com/file/d/1hGlm5WnL9CPE9sgvlbodCK6d1JWC3YPh/view?usp=drive_link
BCN,TIP,https://drive.google.com/file/d/1hGlm5WnL9CPE9sgvlbodCK6d1JWC3YPh/view?usp=drive_link
BCN,VLC,https://drive.google.com/file/d/1hGlm5WnL9CPE9sgvlbodCK6d1JWC3YPh/view?usp=drive_link
BCN,BKK,https://drive.google.com/file/d/1hGlm5WnL9CPE9sgvlbodCK6d1JWC3YPh/view?usp=drive_link
BCN,BOM,https://drive.google.com/file/d/1hGlm5WnL9CPE9sgvlbodCK6d1JWC3YPh/view?usp=drive_link
BCN,DXB,https://drive.google.com/file/d/1hGlm5WnL9CPE9sgvlbodCK6d1JWC3YPh/view?usp=drive_link
BCN,JED,https://drive.google.com/file/d/1hGlm5WnL9CPE9sgvlbodCK6d1JWC3YPh/view?usp=drive_link
BCN,PUS,https://drive.google.com/file/d/1hGlm5WnL9CPE9sgvlbodCK6d1JWC3YPh/view?usp=drive_link
BEY,ALG,https://drive.google.com/file/d/1hGlm5WnL9CPE9sgvlbodCK6d1JWC3YPh/view?usp=drive_link
BEY,AMM,https://drive.google.com/file/d/1hGlm5WnL9CPE9sgvlbodCK6d1JWC3YPh/view?usp=drive_link
BEY,ATH,https://drive.google.com/file/d/1hGlm5WnL9CPE9sgvlbodCK6d1JWC3YPh/view?usp=drive_link
BEY,BCN,https://drive.google.com/file/d/1hGlm5WnL9CPE9sgvlbodCK6d1JWC3YPh/view?usp=drive_link
BEY,CAI,https://drive.google.com/file/d/1hGlm5WnL9CPE9sgvlbodCK6d1JWC3YPh/view?usp=drive_link
BEY,CMN,https://drive.google.com/file/d/1hGlm5WnL9CPE9sgvlbodCK6d1JWC3YPh/view?usp=drive_link
BEY,FCO,https://drive.google.com/file/d/1hGlm5WnL9CPE9sgvlbodCK6d1JWC3YPh/view?usp=drive_link
BEY,IST,https://drive.google.com/file/d/1hGlm5WnL9CPE9sgvlbodCK6d1JWC3YPh/view?usp=drive_link
BEY,LIS,https://drive.google.com/file/d/1hGlm5WnL9CPE9sgvlbodCK6d1JWC3YPh/view?usp=drive_link
BEY,MAD,https://drive.google.com/file/d/1hGlm5WnL9CPE9sgvlbodCK6d1JWC3YPh/view?usp=drive_link
BEY,MLA,https://drive.google.com/file/d/1hGlm5WnL9CPE9sgvlbodCK6d1JWC3YPh/view?usp=drive_link
BEY,MRS,https://drive.google.com/file/d/1hGlm5WnL9CPE9sgvlbodCK6d1JWC3YPh/view?usp=drive_link
BEY,NKC,https://drive.google.com/file/d/1hGlm5WnL9CPE9sgvlbodCK6d1JWC3YPh/view?usp=drive_link
BEY,TLV,https://drive.google.com/file/d/1hGlm5WnL9CPE9sgvlbodCK6d1JWC3YPh/view?usp=drive_link
BEY,TUN,https://drive.google.com/file/d/1hGlm5WnL9CPE9sgvlbodCK6d1JWC3YPh/view?usp=drive_link
BEY,TIP,https://drive.google.com/file/d/1hGlm5WnL9CPE9sgvlbodCK6d1JWC3YPh/view?usp=drive_link
BEY,VLC,https://drive.google.com/file/d/1hGlm5WnL9CPE9sgvlbodCK6d1JWC3YPh/view?usp=drive_link
BEY,BKK,https://drive.google.com/file/d/1hGlm5WnL9CPE9sgvlbodCK6d1JWC3YPh/view?usp=drive_link
BEY,BOM,https://drive.google.com/file/d/1hGlm5WnL9CPE9sgvlbodCK6d1JWC3YPh/view?usp=drive_link
BEY,DXB,https://drive.google.com/file/d/1hGlm5WnL9CPE9sgvlbodCK6d1JWC3YPh/view?usp=drive_link
BEY,JED,https://drive.google.com/file/d/1hGlm5WnL9CPE9sgvlbodCK6d1JWC3YPh/view?usp=drive_link
BEY,PUS,https://drive.google.com/file/d/1hGlm5WnL9CPE9sgvlbodCK6d1JWC3YPh/view?usp=drive_link
CAI,ALG,https://drive.google.com/file/d/1hGlm5WnL9CPE9sgvlbodCK6d1JWC3YPh/view?usp=drive_link
CAI,AMM,https://drive.google.com/file/d/1hGlm5WnL9CPE9sgvlbodCK6d1JWC3YPh/view?usp=drive_link
CAI,ATH,https://drive.google.com/file/d/1hGlm5WnL9CPE9sgvlbodCK6d1JWC3YPh/view?usp=drive_link
CAI,BCN,https://drive.google.com/file/d/1hGlm5WnL9CPE9sgvlbodCK6d1JWC3YPh/view?usp=drive_link
CAI,BEY,https://drive.google.com/file/d/1hGlm5WnL9CPE9sgvlbodCK6d1JWC3YPh/view?usp=drive_link
CAI,CMN,https://drive.google.com/file/d/1hGlm5WnL9CPE9sgvlbodCK6d1JWC3YPh/view?usp=drive_link
CAI,FCO,https://drive.google.com/file/d/1hGlm5WnL9CPE9sgvlbodCK6d1JWC3YPh/view?usp=drive_link
CAI,IST,https://drive.google.com/file/d/1hGlm5WnL9CPE9sgvlbodCK6d1JWC3YPh/view?usp=drive_link
CAI,LIS,https://drive.google.com/file/d/1hGlm5WnL9CPE9sgvlbodCK6d1JWC3YPh/view?usp=drive_link
CAI,MAD,https://drive.google.com/file/d/1hGlm5WnL9CPE9sgvlbodCK6d1JWC3YPh/view?usp=drive_link
CAI,MLA,https://drive.google.com/file/d/1hGlm5WnL9CPE9sgvlbodCK6d1JWC3YPh/view?usp=drive_link
CAI,MRS,https://drive.google.com/file/d/1hGlm5WnL9CPE9sgvlbodCK6d1JWC3YPh/view?usp=drive_link
CAI,NKC,https://drive.google.com/file/d/1vjVr2oi8iS-rFKTlvGG1HRYOjVUrg4ae/view?usp=drive_link
CAI,TLV,https://drive.google.com/file/d/1hGlm5WnL9CPE9sgvlbodCK6d1JWC3YPh/view?usp=drive_link
CAI,TUN,https://drive.google.com/file/d/1vjVr2oi8iS-rFKTlvGG1HRYOjVUrg4ae/view?usp=drive_link
CAI,TIP,https://drive.google.com/file/d/1hGlm5WnL9CPE9sgvlbodCK6d1JWC3YPh/view?usp=drive_link
CAI,VLC,https://drive.google.com/file/d/1hGlm5WnL9CPE9sgvlbodCK6d1JWC3YPh/view?usp=drive_link
CAI,BKK,https://drive.google.com/file/d/1hGlm5WnL9CPE9sgvlbodCK6d1JWC3YPh/view?usp=drive_link
CAI,BOM,https://drive.google.com/file/d/1hGlm5WnL9CPE9sgvlbodCK6d1JWC3YPh/view?usp=drive_link
CAI,DXB,https://drive.google.com/file/d/1hGlm5WnL9CPE9sgvlbodCK6d1JWC3YPh/view?usp=drive_link
CAI,JED,https://drive.google.com/file/d/1hGlm5WnL9CPE9sgvlbodCK6d1JWC3YPh/view?usp=drive_link
CAI,PUS,https://drive.google.com/file/d/1hGlm5WnL9CPE9sgvlbodCK6d1JWC3YPh/view?usp=drive_link
CMN,ALG,https://drive.google.com/file/d/1hGlm5WnL9CPE9sgvlbodCK6d1JWC3YPh/view?usp=drive_link
CMN,AMM,https://drive.google.com/file/d/1hGlm5WnL9CPE9sgvlbodCK6d1JWC3YPh/view?usp=drive_link
CMN,ATH,https://drive.google.com/file/d/1hGlm5WnL9CPE9sgvlbodCK6d1JWC3YPh/view?usp=drive_link
CMN,BCN,https://drive.google.com/file/d/1hGlm5WnL9CPE9sgvlbodCK6d1JWC3YPh/view?usp=drive_link
CMN,BEY,https://drive.google.com/file/d/1hGlm5WnL9CPE9sgvlbodCK6d1JWC3YPh/view?usp=drive_link
CMN,CAI,https://drive.google.com/file/d/1hGlm5WnL9CPE9sgvlbodCK6d1JWC3YPh/view?usp=drive_link
CMN,FCO,https://drive.google.com/file/d/1hGlm5WnL9CPE9sgvlbodCK6d1JWC3YPh/view?usp=drive_link
CMN,IST,https://drive.google.com/file/d/1hGlm5WnL9CPE9sgvlbodCK6d1JWC3YPh/view?usp=drive_link
CMN,LIS,https://drive.google.com/file/d/1hGlm5WnL9CPE9sgvlbodCK6d1JWC3YPh/view?usp=drive_link
CMN,MAD,https://drive.google.com/file/d/1hGlm5WnL9CPE9sgvlbodCK6d1JWC3YPh/view?usp=drive_link
CMN,MLA,https://drive.google.com/file/d/1hGlm5WnL9CPE9sgvlbodCK6d1JWC3YPh/view?usp=drive_link
CMN,MRS,https://drive.google.com/file/d/1hGlm5WnL9CPE9sgvlbodCK6d1JWC3YPh/view?usp=drive_link
CMN,NKC,https://drive.google.com/file/d/1hGlm5WnL9CPE9sgvlbodCK6d1JWC3YPh/view?usp=drive_link
CMN,TLV,https://drive.google.com/file/d/1hGlm5WnL9CPE9sgvlbodCK6d1JWC3YPh/view?usp=drive_link
CMN,TUN,https://drive.google.com/file/d/1hGlm5WnL9CPE9sgvlbodCK6d1JWC3YPh/view?usp=drive_link
CMN,TIP,https://drive.google.com/file/d/1hGlm5WnL9CPE9sgvlbodCK6d1JWC3YPh/view?usp=drive_link
CMN,VLC,https://drive.google.com/file/d/1hGlm5WnL9CPE9sgvlbodCK6d1JWC3YPh/view?usp=drive_link
CMN,BKK,https://drive.google.com/file/d/1hGlm5WnL9CPE9sgvlbodCK6d1JWC3YPh/view?usp=drive_link
CMN,BOM,https://drive.google.com/file/d/1hGlm5WnL9CPE9sgvlbodCK6d1JWC3YPh/view?usp=drive_link
CMN,DXB,https://drive.google.com/file/d/1hGlm5WnL9CPE9sgvlbodCK6d1JWC3YPh/view?usp=drive_link
CMN,JED,https://drive.google.com/file/d/1hGlm5WnL9CPE9sgvlbodCK6d1JWC3YPh/view?usp=drive_link
CMN,PUS,https://drive.google.com/file/d/1hGlm5WnL9CPE9sgvlbodCK6d1JWC3YPh/view?usp=drive_link
FCO,ALG,https://drive.google.com/file/d/1hGlm5WnL9CPE9sgvlbodCK6d1JWC3YPh/view?usp=drive_link
FCO,AMM,https://drive.google.com/file/d/1hGlm5WnL9CPE9sgvlbodCK6d1JWC3YPh/view?usp=drive_link
FCO,ATH,https://drive.google.com/file/d/1wP6UGZ0nxAmOPZsuBdK7QV41t__uS1ZO/view?usp=drive_link
FCO,BCN,https://drive.google.com/file/d/1wP6UGZ0nxAmOPZsuBdK7QV41t__uS1ZO/view?usp=drive_link
FCO,BEY,https://drive.google.com/file/d/1hGlm5WnL9CPE9sgvlbodCK6d1JWC3YPh/view?usp=drive_link
FCO,CAI,https://drive.google.com/file/d/1hGlm5WnL9CPE9sgvlbodCK6d1JWC3YPh/view?usp=drive_link
FCO,CMN,https://drive.google.com/file/d/1hGlm5WnL9CPE9sgvlbodCK6d1JWC3YPh/view?usp=drive_link
FCO,IST,https://drive.google.com/file/d/1hGlm5WnL9CPE9sgvlbodCK6d1JWC3YPh/view?usp=drive_link
FCO,LIS,https://drive.google.com/file/d/1wP6UGZ0nxAmOPZsuBdK7QV41t__uS1ZO/view?usp=drive_link
FCO,MAD,https://drive.google.com/file/d/1wP6UGZ0nxAmOPZsuBdK7QV41t__uS1ZO/view?usp=drive_link
FCO,MLA,https://drive.google.com/file/d/1wP6UGZ0nxAmOPZsuBdK7QV41t__uS1ZO/view?usp=drive_link
FCO,MRS,https://drive.google.com/file/d/1wP6UGZ0nxAmOPZsuBdK7QV41t__uS1ZO/view?usp=drive_link
FCO,NKC,https://drive.google.com/file/d/1hGlm5WnL9CPE9sgvlbodCK6d1JWC3YPh/view?usp=drive_link
FCO,TLV,https://drive.google.com/file/d/1hGlm5WnL9CPE9sgvlbodCK6d1JWC3YPh/view?usp=drive_link
FCO,TUN,https://drive.google.com/file/d/1hGlm5WnL9CPE9sgvlbodCK6d1JWC3YPh/view?usp=drive_link
FCO,TIP,https://drive.google.com/file/d/1hGlm5WnL9CPE9sgvlbodCK6d1JWC3YPh/view?usp=drive_link
FCO,VLC,https://drive.google.com/file/d/1hGlm5WnL9CPE9sgvlbodCK6d1JWC3YPh/view?usp=drive_link
FCO,BKK,https://drive.google.com/file/d/1hGlm5WnL9CPE9sgvlbodCK6d1JWC3YPh/view?usp=drive_link
FCO,BOM,https://drive.google.com/file/d/1hGlm5WnL9CPE9sgvlbodCK6d1JWC3YPh/view?usp=drive_link
FCO,DXB,https://drive.google.com/file/d/1hGlm5WnL9CPE9sgvlbodCK6d1JWC3YPh/view?usp=drive_link
FCO,JED,https://drive.google.com/file/d/1hGlm5WnL9CPE9sgvlbodCK6d1JWC3YPh/view?usp=drive_link
FCO,PUS,https://drive.google.com/file/d/1hGlm5WnL9CPE9sgvlbodCK6d1JWC3YPh/view?usp=drive_link
IST,ALG,https://drive.google.com/file/d/1hGlm5WnL9CPE9sgvlbodCK6d1JWC3YPh/view?usp=drive_link
IST,AMM,https://drive.google.com/file/d/1hGlm5WnL9CPE9sgvlbodCK6d1JWC3YPh/view?usp=drive_link
IST,ATH,https://drive.google.com/file/d/1hGlm5WnL9CPE9sgvlbodCK6d1JWC3YPh/view?usp=drive_link
IST,BCN,https://drive.google.com/file/d/1hGlm5WnL9CPE9sgvlbodCK6d1JWC3YPh/view?usp=drive_link
IST,BEY,https://drive.google.com/file/d/1hGlm5WnL9CPE9sgvlbodCK6d1JWC3YPh/view?usp=drive_link
IST,CAI,https://drive.google.com/file/d/1hGlm5WnL9CPE9sgvlbodCK6d1JWC3YPh/view?usp=drive_link
IST,CMN,https://drive.google.com/file/d/1hGlm5WnL9CPE9sgvlbodCK6d1JWC3YPh/view?usp=drive_link
IST,FCO,https://drive.google.com/file/d/1hGlm5WnL9CPE9sgvlbodCK6d1JWC3YPh/view?usp=drive_link
IST,LIS,https://drive.google.com/file/d/1hGlm5WnL9CPE9sgvlbodCK6d1JWC3YPh/view?usp=drive_link
IST,MAD,https://drive.google.com/file/d/1hGlm5WnL9CPE9sgvlbodCK6d1JWC3YPh/view?usp=drive_link
IST,MLA,https://drive.google.com/file/d/1hGlm5WnL9CPE9sgvlbodCK6d1JWC3YPh/view?usp=drive_link
IST,MRS,https://drive.google.com/file/d/1hGlm5WnL9CPE9sgvlbodCK6d1JWC3YPh/view?usp=drive_link
IST,NKC,https://drive.google.com/file/d/1hGlm5WnL9CPE9sgvlbodCK6d1JWC3YPh/view?usp=drive_link
IST,TLV,https://drive.google.com/file/d/1hGlm5WnL9CPE9sgvlbodCK6d1JWC3YPh/view?usp=drive_link
IST,TUN,https://drive.google.com/file/d/1hGlm5WnL9CPE9sgvlbodCK6d1JWC3YPh/view?usp=drive_link
IST,TIP,https://drive.google.com/file/d/1hGlm5WnL9CPE9sgvlbodCK6d1JWC3YPh/view?usp=drive_link
IST,VLC,https://drive.google.com/file/d/1hGlm5WnL9CPE9sgvlbodCK6d1JWC3YPh/view?usp=drive_link
IST,BKK,https://drive.google.com/file/d/1hGlm5WnL9CPE9sgvlbodCK6d1JWC3YPh/view?usp=drive_link
IST,BOM,https://drive.google.com/file/d/1hGlm5WnL9CPE9sgvlbodCK6d1JWC3YPh/view?usp=drive_link
IST,DXB,https://drive.google.com/file/d/1hGlm5WnL9CPE9sgvlbodCK6d1JWC3YPh/view?usp=drive_link
IST,JED,https://drive.google.com/file/d/1hGlm5WnL9CPE9sgvlbodCK6d1JWC3YPh/view?usp=drive_link
IST,PUS,https://drive.google.com/file/d/1hGlm5WnL9CPE9sgvlbodCK6d1JWC3YPh/view?usp=drive_link
LIS,ALG,https://drive.google.com/file/d/1hGlm5WnL9CPE9sgvlbodCK6d1JWC3YPh/view?usp=drive_link
LIS,AMM,https://drive.google.com/file/d/1hGlm5WnL9CPE9sgvlbodCK6d1JWC3YPh/view?usp=drive_link
LIS,ATH,https://drive.google.com/file/d/1wP6UGZ0nxAmOPZsuBdK7QV41t__uS1ZO/view?usp=drive_link
LIS,BCN,https://drive.google.com/file/d/1wP6UGZ0nxAmOPZsuBdK7QV41t__uS1ZO/view?usp=drive_link
LIS,BEY,https://drive.google.com/file/d/1hGlm5WnL9CPE9sgvlbodCK6d1JWC3YPh/view?usp=drive_link
LIS,CAI,https://drive.google.com/file/d/1hGlm5WnL9CPE9sgvlbodCK6d1JWC3YPh/view?usp=drive_link
LIS,CMN,https://drive.google.com/file/d/1hGlm5WnL9CPE9sgvlbodCK6d1JWC3YPh/view?usp=drive_link
LIS,FCO,https://drive.google.com/file/d/1wP6UGZ0nxAmOPZsuBdK7QV41t__uS1ZO/view?usp=drive_link
LIS,IST,https://drive.google.com/file/d/1hGlm5WnL9CPE9sgvlbodCK6d1JWC3YPh/view?usp=drive_link
LIS,MAD,https://drive.google.com/file/d/1wP6UGZ0nxAmOPZsuBdK7QV41t__uS1ZO/view?usp=drive_link
LIS,MLA,https://drive.google.com/file/d/1wP6UGZ0nxAmOPZsuBdK7QV41t__uS1ZO/view?usp=drive_link
LIS,MRS,https://drive.google.com/file/d/1wP6UGZ0nxAmOPZsuBdK7QV41t__uS1ZO/view?usp=drive_link
LIS,NKC,https://drive.google.com/file/d/1hGlm5WnL9CPE9sgvlbodCK6d1JWC3YPh/view?usp=drive_link
LIS,TLV,https://drive.google.com/file/d/1hGlm5WnL9CPE9sgvlbodCK6d1JWC3YPh/view?usp=drive_link
LIS,TUN,https://drive.google.com/file/d/1hGlm5WnL9CPE9sgvlbodCK6d1JWC3YPh/view?usp=drive_link
LIS,TIP,https://drive.google.com/file/d/1hGlm5WnL9CPE9sgvlbodCK6d1JWC3YPh/view?usp=drive_link
LIS,VLC,https://drive.google.com/file/d/1hGlm5WnL9CPE9sgvlbodCK6d1JWC3YPh/view?usp=drive_link
LIS,BKK,https://drive.google.com/file/d/1hGlm5WnL9CPE9sgvlbodCK6d1JWC3YPh/view?usp=drive_link
LIS,BOM,https://drive.google.com/file/d/1hGlm5WnL9CPE9sgvlbodCK6d1JWC3YPh/view?usp=drive_link
LIS,DXB,https://drive.google.com/file/d/1hGlm5WnL9CPE9sgvlbodCK6d1JWC3YPh/view?usp=drive_link
LIS,JED,https://drive.google.com/file/d/1hGlm5WnL9CPE9sgvlbodCK6d1JWC3YPh/view?usp=drive_link
LIS,PUS,https://drive.google.com/file/d/1hGlm5WnL9CPE9sgvlbodCK6d1JWC3YPh/view?usp=drive_link
MAD,ALG,https://drive.google.com/file/d/1hGlm5WnL9CPE9sgvlbodCK6d1JWC3YPh/view?usp=drive_link
MAD,AMM,https://drive.google.com/file/d/1hGlm5WnL9CPE9sgvlbodCK6d1JWC3YPh/view?usp=drive_link
MAD,ATH,https://drive.google.com/file/d/1wP6UGZ0nxAmOPZsuBdK7QV41t__uS1ZO/view?usp=drive_link
MAD,BCN,https://drive.google.com/file/d/1wP6UGZ0nxAmOPZsuBdK7QV41t__uS1ZO/view?usp=drive_link
MAD,BEY,https://drive.google.com/file/d/1hGlm5WnL9CPE9sgvlbodCK6d1JWC3YPh/view?usp=drive_link
MAD,CAI,https://drive.google.com/file/d/1hGlm5WnL9CPE9sgvlbodCK6d1JWC3YPh/view?usp=drive_link
MAD,CMN,https://drive.google.com/file/d/1hGlm5WnL9CPE9sgvlbodCK6d1JWC3YPh/view?usp=drive_link
MAD,FCO,https://drive.google.com/file/d/1wP6UGZ0nxAmOPZsuBdK7QV41t__uS1ZO/view?usp=drive_link
MAD,IST,https://drive.google.com/file/d/1hGlm5WnL9CPE9sgvlbodCK6d1JWC3YPh/view?usp=drive_link
MAD,LIS,https://drive.google.com/file/d/1wP6UGZ0nxAmOPZsuBdK7QV41t__uS1ZO/view?usp=drive_link
MAD,MLA,https://drive.google.com/file/d/1wP6UGZ0nxAmOPZsuBdK7QV41t__uS1ZO/view?usp=drive_link
MAD,MRS,https://drive.google.com/file/d/1wP6UGZ0nxAmOPZsuBdK7QV41t__uS1ZO/view?usp=drive_link
MAD,NKC,https://drive.google.com/file/d/1hGlm5WnL9CPE9sgvlbodCK6d1JWC3YPh/view?usp=drive_link
MAD,TLV,https://drive.google.com/file/d/1hGlm5WnL9CPE9sgvlbodCK6d1JWC3YPh/view?usp=drive_link
MAD,TUN,https://drive.google.com/file/d/1hGlm5WnL9CPE9sgvlbodCK6d1JWC3YPh/view?usp=drive_link
MAD,TIP,https://drive.google.com/file/d/1hGlm5WnL9CPE9sgvlbodCK6d1JWC3YPh/view?usp=drive_link
MAD,VLC,https://drive.google.com/file/d/1hGlm5WnL9CPE9sgvlbodCK6d1JWC3YPh/view?usp=drive_link
MAD,BKK,https://drive.google.com/file/d/1hGlm5WnL9CPE9sgvlbodCK6d1JWC3YPh/view?usp=drive_link
MAD,BOM,https://drive.google.com/file/d/1hGlm5WnL9CPE9sgvlbodCK6d1JWC3YPh/view?usp=drive_link
MAD,DXB,https://drive.google.com/file/d/1hGlm5WnL9CPE9sgvlbodCK6d1JWC3YPh/view?usp=drive_link
MAD,JED,https://drive.google.com/file/d/1hGlm5WnL9CPE9sgvlbodCK6d1JWC3YPh/view?usp=drive_link
MAD,PUS,https://drive.google.com/file/d/1hGlm5WnL9CPE9sgvlbodCK6d1JWC3YPh/view?usp=drive_link
MLA,ALG,https://drive.google.com/file/d/1hGlm5WnL9CPE9sgvlbodCK6d1JWC3YPh/view?usp=drive_link
MLA,AMM,https://drive.google.com/file/d/1hGlm5WnL9CPE9sgvlbodCK6d1JWC3YPh/view?usp=drive_link
MLA,ATH,https://drive.google.com/file/d/1wP6UGZ0nxAmOPZsuBdK7QV41t__uS1ZO/view?usp=drive_link
MLA,BCN,https://drive.google.com/file/d/1wP6UGZ0nxAmOPZsuBdK7QV41t__uS1ZO/view?usp=drive_link
MLA,BEY,https://drive.google.com/file/d/1hGlm5WnL9CPE9sgvlbodCK6d1JWC3YPh/view?usp=drive_link
MLA,CAI,https://drive.google.com/file/d/1hGlm5WnL9CPE9sgvlbodCK6d1JWC3YPh/view?usp=drive_link
MLA,CMN,https://drive.google.com/file/d/1hGlm5WnL9CPE9sgvlbodCK6d1JWC3YPh/view?usp=drive_link
MLA,FCO,https://drive.google.com/file/d/1wP6UGZ0nxAmOPZsuBdK7QV41t__uS1ZO/view?usp=drive_link
MLA,IST,https://drive.google.com/file/d/1hGlm5WnL9CPE9sgvlbodCK6d1JWC3YPh/view?usp=drive_link
MLA,LIS,https://drive.google.com/file/d/1wP6UGZ0nxAmOPZsuBdK7QV41t__uS1ZO/view?usp=drive_link
MLA,MAD,https://drive.google.com/file/d/1wP6UGZ0nxAmOPZsuBdK7QV41t__uS1ZO/view?usp=drive_link
MLA,MRS,https://drive.google.com/file/d/1wP6UGZ0nxAmOPZsuBdK7QV41t__uS1ZO/view?usp=drive_link
MLA,NKC,https://drive.google.com/file/d/1hGlm5WnL9CPE9sgvlbodCK6d1JWC3YPh/view?usp=drive_link
MLA,TLV,https://drive.google.com/file/d/1hGlm5WnL9CPE9sgvlbodCK6d1JWC3YPh/view?usp=drive_link
MLA,TUN,https://drive.google.com/file/d/1hGlm5WnL9CPE9sgvlbodCK6d1JWC3YPh/view?usp=drive_link
MLA,TIP,https://drive.google.com/file/d/1hGlm5WnL9CPE9sgvlbodCK6d1JWC3YPh/view?usp=drive_link
MLA,VLC,https://drive.google.com/file/d/1hGlm5WnL9CPE9sgvlbodCK6d1JWC3YPh/view?usp=drive_link
MLA,BKK,https://drive.google.com/file/d/1hGlm5WnL9CPE9sgvlbodCK6d1JWC3YPh/view?usp=drive_link
MLA,BOM,https://drive.google.com/file/d/1hGlm5WnL9CPE9sgvlbodCK6d1JWC3YPh/view?usp=drive_link
MLA,DXB,https://drive.google.com/file/d/1hGlm5WnL9CPE9sgvlbodCK6d1JWC3YPh/view?usp=drive_link
MLA,JED,https://drive.google.com/file/d/1hGlm5WnL9CPE9sgvlbodCK6d1JWC3YPh/view?usp=drive_link
MLA,PUS,https://drive.google.com/file/d/1hGlm5WnL9CPE9sgvlbodCK6d1JWC3YPh/view?usp=drive_link
MRS,ALG,https://drive.google.com/file/d/1hGlm5WnL9CPE9sgvlbodCK6d1JWC3YPh/view?usp=drive_link
MRS,AMM,https://drive.google.com/file/d/1hGlm5WnL9CPE9sgvlbodCK6d1JWC3YPh/view?usp=drive_link
MRS,ATH,https://drive.google.com/file/d/1wP6UGZ0nxAmOPZsuBdK7QV41t__uS1ZO/view?usp=drive_link
MRS,BCN,https://drive.google.com/file/d/1wP6UGZ0nxAmOPZsuBdK7QV41t__uS1ZO/view?usp=drive_link
MRS,BEY,https://drive.google.com/file/d/1hGlm5WnL9CPE9sgvlbodCK6d1JWC3YPh/view?usp=drive_link
MRS,CAI,https://drive.google.com/file/d/1hGlm5WnL9CPE9sgvlbodCK6d1JWC3YPh/view?usp=drive_link
MRS,CMN,https://drive.google.com/file/d/1hGlm5WnL9CPE9sgvlbodCK6d1JWC3YPh/view?usp=drive_link
MRS,FCO,https://drive.google.com/file/d/1wP6UGZ0nxAmOPZsuBdK7QV41t__uS1ZO/view?usp=drive_link
MRS,IST,https://drive.google.com/file/d/1hGlm5WnL9CPE9sgvlbodCK6d1JWC3YPh/view?usp=drive_link
MRS,LIS,https://drive.google.com/file/d/1wP6UGZ0nxAmOPZsuBdK7QV41t__uS1ZO/view?usp=drive_link
MRS,MAD,https://drive.google.com/file/d/1wP6UGZ0nxAmOPZsuBdK7QV41t__uS1ZO/view?usp=drive_link
MRS,MLA,https://drive.google.com/file/d/1wP6UGZ0nxAmOPZsuBdK7QV41t__uS1ZO/view?usp=drive_link
MRS,NKC,https://drive.google.com/file/d/1hGlm5WnL9CPE9sgvlbodCK6d1JWC3YPh/view?usp=drive_link
MRS,TLV,https://drive.google.com/file/d/1hGlm5WnL9CPE9sgvlbodCK6d1JWC3YPh/view?usp=drive_link
MRS,TUN,https://drive.google.com/file/d/1hGlm5WnL9CPE9sgvlbodCK6d1JWC3YPh/view?usp=drive_link
MRS,TIP,https://drive.google.com/file/d/1hGlm5WnL9CPE9sgvlbodCK6d1JWC3YPh/view?usp=drive_link
MRS,VLC,https://drive.google.com/file/d/1hGlm5WnL9CPE9sgvlbodCK6d1JWC3YPh/view?usp=drive_link
MRS,BKK,https://drive.google.com/file/d/1hGlm5WnL9CPE9sgvlbodCK6d1JWC3YPh/view?usp=drive_link
MRS,BOM,https://drive.google.com/file/d/1hGlm5WnL9CPE9sgvlbodCK6d1JWC3YPh/view?usp=drive_link
MRS,DXB,https://drive.google.com/file/d/1hGlm5WnL9CPE9sgvlbodCK6d1JWC3YPh/view?usp=drive_link
MRS,JED,https://drive.google.com/file/d/1hGlm5WnL9CPE9sgvlbodCK6d1JWC3YPh/view?usp=drive_link
MRS,PUS,https://drive.google.com/file/d/1hGlm5WnL9CPE9sgvlbodCK6d1JWC3YPh/view?usp=drive_link
NKC,ALG,https://drive.google.com/file/d/1hGlm5WnL9CPE9sgvlbodCK6d1JWC3YPh/view?usp=drive_link
NKC,AMM,https://drive.google.com/file/d/1hGlm5WnL9CPE9sgvlbodCK6d1JWC3YPh/view?usp=drive_link
NKC,ATH,https://drive.google.com/file/d/1hGlm5WnL9CPE9sgvlbodCK6d1JWC3YPh/view?usp=drive_link
NKC,BCN,https://drive.google.com/file/d/1hGlm5WnL9CPE9sgvlbodCK6d1JWC3YPh/view?usp=drive_link
NKC,BEY,https://drive.google.com/file/d/1hGlm5WnL9CPE9sgvlbodCK6d1JWC3YPh/view?usp=drive_link
NKC,CAI,https://drive.google.com/file/d/1vjVr2oi8iS-rFKTlvGG1HRYOjVUrg4ae/view?usp=drive_link
NKC,CMN,https://drive.google.com/file/d/1hGlm5WnL9CPE9sgvlbodCK6d1JWC3YPh/view?usp=drive_link
NKC,FCO,https://drive.google.com/file/d/1hGlm5WnL9CPE9sgvlbodCK6d1JWC3YPh/view?usp=drive_link
NKC,IST,https://drive.google.com/file/d/1hGlm5WnL9CPE9sgvlbodCK6d1JWC3YPh/view?usp=drive_link
NKC,LIS,https://drive.google.com/file/d/1hGlm5WnL9CPE9sgvlbodCK6d1JWC3YPh/view?usp=drive_link
NKC,MAD,https://drive.google.com/file/d/1hGlm5WnL9CPE9sgvlbodCK6d1JWC3YPh/view?usp=drive_link
NKC,MLA,https://drive.google.com/file/d/1hGlm5WnL9CPE9sgvlbodCK6d1JWC3YPh/view?usp=drive_link
NKC,MRS,https://drive.google.com/file/d/1hGlm5WnL9CPE9sgvlbodCK6d1JWC3YPh/view?usp=drive_link
NKC,TLV,https://drive.google.com/file/d/1hGlm5WnL9CPE9sgvlbodCK6d1JWC3YPh/view?usp=drive_link
NKC,TUN,https://drive.google.com/file/d/1vjVr2oi8iS-rFKTlvGG1HRYOjVUrg4ae/view?usp=drive_link
NKC,TIP,https://drive.google.com/file/d/1hGlm5WnL9CPE9sgvlbodCK6d1JWC3YPh/view?usp=drive_link
NKC,VLC,https://drive.google.com/file/d/1hGlm5WnL9CPE9sgvlbodCK6d1JWC3YPh/view?usp=drive_link
NKC,BKK,https://drive.google.com/file/d/1hGlm5WnL9CPE9sgvlbodCK6d1JWC3YPh/view?usp=drive_link
NKC,BOM,https://drive.google.com/file/d/1hGlm5WnL9CPE9sgvlbodCK6d1JWC3YPh/view?usp=drive_link
NKC,DXB,https://drive.google.com/file/d/1hGlm5WnL9CPE9sgvlbodCK6d1JWC3YPh/view?usp=drive_link
NKC,JED,https://drive.google.com/file/d/1hGlm5WnL9CPE9sgvlbodCK6d1JWC3YPh/view?usp=drive_link
NKC,PUS,https://drive.google.com/file/d/1hGlm5WnL9CPE9sgvlbodCK6d1JWC3YPh/view?usp=drive_link
TLV,ALG,https://drive.google.com/file/d/1hGlm5WnL9CPE9sgvlbodCK6d1JWC3YPh/view?usp=drive_link
TLV,AMM,https://drive.google.com/file/d/1hGlm5WnL9CPE9sgvlbodCK6d1JWC3YPh/view?usp=drive_link
TLV,ATH,https://drive.google.com/file/d/1hGlm5WnL9CPE9sgvlbodCK6d1JWC3YPh/view?usp=drive_link
TLV,BCN,https://drive.google.com/file/d/1hGlm5WnL9CPE9sgvlbodCK6d1JWC3YPh/view?usp=drive_link
TLV,BEY,https://drive.google.com/file/d/1hGlm5WnL9CPE9sgvlbodCK6d1JWC3YPh/view?usp=drive_link
TLV,CAI,https://drive.google.com/file/d/1hGlm5WnL9CPE9sgvlbodCK6d1JWC3YPh/view?usp=drive_link
TLV,CMN,https://drive.google.com/file/d/1hGlm5WnL9CPE9sgvlbodCK6d1JWC3YPh/view?usp=drive_link
TLV,FCO,https://drive.google.com/file/d/1hGlm5WnL9CPE9sgvlbodCK6d1JWC3YPh/view?usp=drive_link
TLV,IST,https://drive.google.com/file/d/1hGlm5WnL9CPE9sgvlbodCK6d1JWC3YPh/view?usp=drive_link
TLV,LIS,https://drive.google.com/file/d/1hGlm5WnL9CPE9sgvlbodCK6d1JWC3YPh/view?usp=drive_link
TLV,MAD,https://drive.google.com/file/d/1hGlm5WnL9CPE9sgvlbodCK6d1JWC3YPh/view?usp=drive_link
TLV,MLA,https://drive.google.com/file/d/1hGlm5WnL9CPE9sgvlbodCK6d1JWC3YPh/view?usp=drive_link
TLV,MRS,https://drive.google.com/file/d/1hGlm5WnL9CPE9sgvlbodCK6d1JWC3YPh/view?usp=drive_link
TLV,NKC,https://drive.google.com/file/d/1hGlm5WnL9CPE9sgvlbodCK6d1JWC3YPh/view?usp=drive_link
TLV,TUN,https://drive.google.com/file/d/1hGlm5WnL9CPE9sgvlbodCK6d1JWC3YPh/view?usp=drive_link
TLV,TIP,https://drive.google.com/file/d/1hGlm5WnL9CPE9sgvlbodCK6d1JWC3YPh/view?usp=drive_link
TLV,VLC,https://drive.google.com/file/d/1hGlm5WnL9CPE9sgvlbodCK6d1JWC3YPh/view?usp=drive_link
TLV,BKK,https://drive.google.com/file/d/1hGlm5WnL9CPE9sgvlbodCK6d1JWC3YPh/view?usp=drive_link
TLV,BOM,https://drive.google.com/file/d/1hGlm5WnL9CPE9sgvlbodCK6d1JWC3YPh/view?usp=drive_link
TLV,DXB,https://drive.google.com/file/d/1hGlm5WnL9CPE9sgvlbodCK6d1JWC3YPh/view?usp=drive_link
TLV,JED,https://drive.google.com/file/d/1hGlm5WnL9CPE9sgvlbodCK6d1JWC3YPh/view?usp=drive_link
TLV,PUS,https://drive.google.com/file/d/1hGlm5WnL9CPE9sgvlbodCK6d1JWC3YPh/view?usp=drive_link
TUN,ALG,https://drive.google.com/file/d/1hGlm5WnL9CPE9sgvlbodCK6d1JWC3YPh/view?usp=drive_link
TUN,AMM,https://drive.google.com/file/d/1hGlm5WnL9CPE9sgvlbodCK6d1JWC3YPh/view?usp=drive_link
TUN,ATH,https://drive.google.com/file/d/1hGlm5WnL9CPE9sgvlbodCK6d1JWC3YPh/view?usp=drive_link
TUN,BEY,https://drive.google.com/file/d/1hGlm5WnL9CPE9sgvlbodCK6d1JWC3YPh/view?usp=drive_link
TUN,CAI,https://drive.google.com/file/d/1vjVr2oi8iS-rFKTlvGG1HRYOjVUrg4ae/view?usp=drive_link
TUN,CMN,https://drive.google.com/file/d/1hGlm5WnL9CPE9sgvlbodCK6d1JWC3YPh/view?usp=drive_link
TUN,FCO,https://drive.google.com/file/d/1hGlm5WnL9CPE9sgvlbodCK6d1JWC3YPh/view?usp=drive_link
TUN,IST,https://drive.google.com/file/d/1hGlm5WnL9CPE9sgvlbodCK6d1JWC3YPh/view?usp=drive_link
TUN,LIS,https://drive.google.com/file/d/1hGlm5WnL9CPE9sgvlbodCK6d1JWC3YPh/view?usp=drive_link
TUN,MAD,https://drive.google.com/file/d/1hGlm5WnL9CPE9sgvlbodCK6d1JWC3YPh/view?usp=drive_link
TUN,MLA,https://drive.google.com/file/d/1hGlm5WnL9CPE9sgvlbodCK6d1JWC3YPh/view?usp=drive_link
TUN,MRS,https://drive.google.com/file/d/1hGlm5WnL9CPE9sgvlbodCK6d1JWC3YPh/view?usp=drive_link
TUN,NKC,https://drive.google.com/file/d/1vjVr2oi8iS-rFKTlvGG1HRYOjVUrg4ae/view?usp=drive_link
TUN,TLV,https://drive.google.com/file/d/1hGlm5WnL9CPE9sgvlbodCK6d1JWC3YPh/view?usp=drive_link
TUN,TIP,https://drive.google.com/file/d/1hGlm5WnL9CPE9sgvlbodCK6d1JWC3YPh/view?usp=drive_link
TUN,VLC,https://drive.google.com/file/d/1hGlm5WnL9CPE9sgvlbodCK6d1JWC3YPh/view?usp=drive_link
TUN,BKK,https://drive.google.com/file/d/1hGlm5WnL9CPE9sgvlbodCK6d1JWC3YPh/view?usp=drive_link
TUN,BOM,https://drive.google.com/file/d/1hGlm5WnL9CPE9sgvlbodCK6d1JWC3YPh/view?usp=drive_link
TUN,DXB,https://drive.google.com/file/d/1hGlm5WnL9CPE9sgvlbodCK6d1JWC3YPh/view?usp=drive_link
TUN,JED,https://drive.google.com/file/d/1hGlm5WnL9CPE9sgvlbodCK6d1JWC3YPh/view?usp=drive_link
TUN,PUS,https://drive.google.com/file/d/1hGlm5WnL9CPE9sgvlbodCK6d1JWC3YPh/view?usp=drive_link
TIP,ALG,https://drive.google.com/file/d/1hGlm5WnL9CPE9sgvlbodCK6d1JWC3YPh/view?usp=drive_link
TIP,AMM,https://drive.google.com/file/d/1hGlm5WnL9CPE9sgvlbodCK6d1JWC3YPh/view?usp=drive_link
TIP,ATH,https://drive.google.com/file/d/1hGlm5WnL9CPE9sgvlbodCK6d1JWC3YPh/view?usp=drive_link
TIP,BCN,https://drive.google.com/file/d/1hGlm5WnL9CPE9sgvlbodCK6d1JWC3YPh/view?usp=drive_link
TIP,BEY,https://drive.google.com/file/d/1hGlm5WnL9CPE9sgvlbodCK6d1JWC3YPh/view?usp=drive_link
TIP,CAI,https://drive.google.com/file/d/1hGlm5WnL9CPE9sgvlbodCK6d1JWC3YPh/view?usp=drive_link
TIP,CMN,https://drive.google.com/file/d/1hGlm5WnL9CPE9sgvlbodCK6d1JWC3YPh/view?usp=drive_link
TIP,FCO,https://drive.google.com/file/d/1hGlm5WnL9CPE9sgvlbodCK6d1JWC3YPh/view?usp=drive_link
TIP,IST,https://drive.google.com/file/d/1hGlm5WnL9CPE9sgvlbodCK6d1JWC3YPh/view?usp=drive_link
TIP,LIS,https://drive.google.com/file/d/1hGlm5WnL9CPE9sgvlbodCK6d1JWC3YPh/view?usp=drive_link
TIP,MAD,https://drive.google.com/file/d/1hGlm5WnL9CPE9sgvlbodCK6d1JWC3YPh/view?usp=drive_link
TIP,MLA,https://drive.google.com/file/d/1hGlm5WnL9CPE9sgvlbodCK6d1JWC3YPh/view?usp=drive_link
TIP,MRS,https://drive.google.com/file/d/1hGlm5WnL9CPE9sgvlbodCK6d1JWC3YPh/view?usp=drive_link
TIP,NKC,https://drive.google.com/file/d/1hGlm5WnL9CPE9sgvlbodCK6d1JWC3YPh/view?usp=drive_link
TIP,TLV,https://drive.google.com/file/d/1hGlm5WnL9CPE9sgvlbodCK6d1JWC3YPh/view?usp=drive_link
TIP,TUN,https://drive.google.com/file/d/1hGlm5WnL9CPE9sgvlbodCK6d1JWC3YPh/view?usp=drive_link
TIP,VLC,https://drive.google.com/file/d/1hGlm5WnL9CPE9sgvlbodCK6d1JWC3YPh/view?usp=drive_link
TIP,BKK,https://drive.google.com/file/d/1hGlm5WnL9CPE9sgvlbodCK6d1JWC3YPh/view?usp=drive_link
TIP,BOM,https://drive.google.com/file/d/1hGlm5WnL9CPE9sgvlbodCK6d1JWC3YPh/view?usp=drive_link
TIP,DXB,https://drive.google.com/file/d/1hGlm5WnL9CPE9sgvlbodCK6d1JWC3YPh/view?usp=drive_link
TIP,JED,https://drive.google.com/file/d/1hGlm5WnL9CPE9sgvlbodCK6d1JWC3YPh/view?usp=drive_link
TIP,PUS,https://drive.google.com/file/d/1hGlm5WnL9CPE9sgvlbodCK6d1JWC3YPh/view?usp=drive_link
VLC,ALG,https://drive.google.com/file/d/1hGlm5WnL9CPE9sgvlbodCK6d1JWC3YPh/view?usp=drive_link
VLC,AMM,https://drive.google.com/file/d/1hGlm5WnL9CPE9sgvlbodCK6d1JWC3YPh/view?usp=drive_link
VLC,ATH,https://drive.google.com/file/d/1wP6UGZ0nxAmOPZsuBdK7QV41t__uS1ZO/view?usp=drive_link
VLC,BCN,https://drive.google.com/file/d/1wP6UGZ0nxAmOPZsuBdK7QV41t__uS1ZO/view?usp=drive_link
VLC,BEY,https://drive.google.com/file/d/1hGlm5WnL9CPE9sgvlbodCK6d1JWC3YPh/view?usp=drive_link
VLC,CAI,https://drive.google.com/file/d/1hGlm5WnL9CPE9sgvlbodCK6d1JWC3YPh/view?usp=drive_link
VLC,CMN,https://drive.google.com/file/d/1hGlm5WnL9CPE9sgvlbodCK6d1JWC3YPh/view?usp=drive_link
VLC,FCO,https://drive.google.com/file/d/1hGlm5WnL9CPE9sgvlbodCK6d1JWC3YPh/view?usp=drive_link
VLC,IST,https://drive.google.com/file/d/1hGlm5WnL9CPE9sgvlbodCK6d1JWC3YPh/view?usp=drive_link
VLC,LIS,https://drive.google.com/file/d/1wP6UGZ0nxAmOPZsuBdK7QV41t__uS1ZO/view?usp=drive_link
VLC,MAD,https://drive.google.com/file/d/1wP6UGZ0nxAmOPZsuBdK7QV41t__uS1ZO/view?usp=drive_link
VLC,MLA,https://drive.google.com/file/d/1wP6UGZ0nxAmOPZsuBdK7QV41t__uS1ZO/view?usp=drive_link
VLC,MRS,https://drive.google.com/file/d/1wP6UGZ0nxAmOPZsuBdK7QV41t__uS1ZO/view?usp=drive_link
VLC,NKC,https://drive.google.com/file/d/1hGlm5WnL9CPE9sgvlbodCK6d1JWC3YPh/view?usp=drive_link
VLC,TLV,https://drive.google.com/file/d/1hGlm5WnL9CPE9sgvlbodCK6d1JWC3YPh/view?usp=drive_link
VLC,TUN,https://drive.google.com/file/d/1hGlm5WnL9CPE9sgvlbodCK6d1JWC3YPh/view?usp=drive_link
VLC,TIP,https://drive.google.com/file/d/1hGlm5WnL9CPE9sgvlbodCK6d1JWC3YPh/view?usp=drive_link
VLC,BKK,https://drive.google.com/file/d/1hGlm5WnL9CPE9sgvlbodCK6d1JWC3YPh/view?usp=drive_link
VLC,BOM,https://drive.google.com/file/d/1hGlm5WnL9CPE9sgvlbodCK6d1JWC3YPh/view?usp=drive_link
VLC,DXB,https://drive.google.com/file/d/1hGlm5WnL9CPE9sgvlbodCK6d1JWC3YPh/view?usp=drive_link
VLC,JED,https://drive.google.com/file/d/1hGlm5WnL9CPE9sgvlbodCK6d1JWC3YPh/view?usp=drive_link
VLC,PUS,https://drive.google.com/file/d/1hGlm5WnL9CPE9sgvlbodCK6d1JWC3YPh/view?usp=drive_link
BKK,ALG,https://drive.google.com/file/d/1hGlm5WnL9CPE9sgvlbodCK6d1JWC3YPh/view?usp=drive_link
BKK,AMM,https://drive.google.com/file/d/1hGlm5WnL9CPE9sgvlbodCK6d1JWC3YPh/view?usp=drive_link
BKK,ATH,https://drive.google.com/file/d/1hGlm5WnL9CPE9sgvlbodCK6d1JWC3YPh/view?usp=drive_link
BKK,BCN,https://drive.google.com/file/d/1hGlm5WnL9CPE9sgvlbodCK6d1JWC3YPh/view?usp=drive_link
BKK,BEY,https://drive.google.com/file/d/1hGlm5WnL9CPE9sgvlbodCK6d1JWC3YPh/view?usp=drive_link
BKK,CAI,https://drive.google.com/file/d/1hGlm5WnL9CPE9sgvlbodCK6d1JWC3YPh/view?usp=drive_link
BKK,CMN,https://drive.google.com/file/d/1hGlm5WnL9CPE9sgvlbodCK6d1JWC3YPh/view?usp=drive_link
BKK,FCO,https://drive.google.com/file/d/1hGlm5WnL9CPE9sgvlbodCK6d1JWC3YPh/view?usp=drive_link
BKK,IST,https://drive.google.com/file/d/1hGlm5WnL9CPE9sgvlbodCK6d1JWC3YPh/view?usp=drive_link
BKK,LIS,https://drive.google.com/file/d/1hGlm5WnL9CPE9sgvlbodCK6d1JWC3YPh/view?usp=drive_link
BKK,MAD,https://drive.google.com/file/d/1hGlm5WnL9CPE9sgvlbodCK6d1JWC3YPh/view?usp=drive_link
BKK,MLA,https://drive.google.com/file/d/1hGlm5WnL9CPE9sgvlbodCK6d1JWC3YPh/view?usp=drive_link
BKK,MRS,https://drive.google.com/file/d/1hGlm5WnL9CPE9sgvlbodCK6d1JWC3YPh/view?usp=drive_link
BKK,NKC,https://drive.google.com/file/d/1hGlm5WnL9CPE9sgvlbodCK6d1JWC3YPh/view?usp=drive_link
BKK,TLV,https://drive.google.com/file/d/1hGlm5WnL9CPE9sgvlbodCK6d1JWC3YPh/view?usp=drive_link
BKK,TUN,https://drive.google.com/file/d/1hGlm5WnL9CPE9sgvlbodCK6d1JWC3YPh/view?usp=drive_link
BKK,TIP,https://drive.google.com/file/d/1hGlm5WnL9CPE9sgvlbodCK6d1JWC3YPh/view?usp=drive_link
BKK,VLC,https://drive.google.com/file/d/1hGlm5WnL9CPE9sgvlbodCK6d1JWC3YPh/view?usp=drive_link
BKK,BOM,https://drive.google.com/file/d/1hGlm5WnL9CPE9sgvlbodCK6d1JWC3YPh/view?usp=drive_link
BKK,DXB,https://drive.google.com/file/d/1hGlm5WnL9CPE9sgvlbodCK6d1JWC3YPh/view?usp=drive_link
BKK,JED,https://drive.google.com/file/d/1hGlm5WnL9CPE9sgvlbodCK6d1JWC3YPh/view?usp=drive_link
BKK,PUS,https://drive.google.com/file/d/1hGlm5WnL9CPE9sgvlbodCK6d1JWC3YPh/view?usp=drive_link
BOM,ALG,https://drive.google.com/file/d/1hGlm5WnL9CPE9sgvlbodCK6d1JWC3YPh/view?usp=drive_link
BOM,AMM,https://drive.google.com/file/d/1hGlm5WnL9CPE9sgvlbodCK6d1JWC3YPh/view?usp=drive_link
BOM,ATH,https://drive.google.com/file/d/1hGlm5WnL9CPE9sgvlbodCK6d1JWC3YPh/view?usp=drive_link
BOM,BCN,https://drive.google.com/file/d/1hGlm5WnL9CPE9sgvlbodCK6d1JWC3YPh/view?usp=drive_link
BOM,BEY,https://drive.google.com/file/d/1hGlm5WnL9CPE9sgvlbodCK6d1JWC3YPh/view?usp=drive_link
BOM,CAI,https://drive.google.com/file/d/1hGlm5WnL9CPE9sgvlbodCK6d1JWC3YPh/view?usp=drive_link
BOM,CMN,https://drive.google.com/file/d/1hGlm5WnL9CPE9sgvlbodCK6d1JWC3YPh/view?usp=drive_link
BOM,FCO,https://drive.google.com/file/d/1hGlm5WnL9CPE9sgvlbodCK6d1JWC3YPh/view?usp=drive_link
BOM,IST,https://drive.google.com/file/d/1hGlm5WnL9CPE9sgvlbodCK6d1JWC3YPh/view?usp=drive_link
BOM,LIS,https://drive.google.com/file/d/1hGlm5WnL9CPE9sgvlbodCK6d1JWC3YPh/view?usp=drive_link
BOM,MAD,https://drive.google.com/file/d/1hGlm5WnL9CPE9sgvlbodCK6d1JWC3YPh/view?usp=drive_link
BOM,MLA,https://drive.google.com/file/d/1hGlm5WnL9CPE9sgvlbodCK6d1JWC3YPh/view?usp=drive_link
BOM,MRS,https://drive.google.com/file/d/1hGlm5WnL9CPE9sgvlbodCK6d1JWC3YPh/view?usp=drive_link
BOM,NKC,https://drive.google.com/file/d/1hGlm5WnL9CPE9sgvlbodCK6d1JWC3YPh/view?usp=drive_link
BOM,TLV,https://drive.google.com/file/d/1hGlm5WnL9CPE9sgvlbodCK6d1JWC3YPh/view?usp=drive_link
BOM,TUN,https://drive.google.com/file/d/1hGlm5WnL9CPE9sgvlbodCK6d1JWC3YPh/view?usp=drive_link
BOM,TIP,https://drive.google.com/file/d/1hGlm5WnL9CPE9sgvlbodCK6d1JWC3YPh/view?usp=drive_link
BOM,VLC,https://drive.google.com/file/d/1hGlm5WnL9CPE9sgvlbodCK6d1JWC3YPh/view?usp=drive_link
BOM,BKK,https://drive.google.com/file/d/1hGlm5WnL9CPE9sgvlbodCK6d1JWC3YPh/view?usp=drive_link
BOM,DXB,https://drive.google.com/file/d/1hGlm5WnL9CPE9sgvlbodCK6d1JWC3YPh/view?usp=drive_link
BOM,JED,https://drive.google.com/file/d/1hGlm5WnL9CPE9sgvlbodCK6d1JWC3YPh/view?usp=drive_link
BOM,PUS,https://drive.google.com/file/d/1hGlm5WnL9CPE9sgvlbodCK6d1JWC3YPh/view?usp=drive_link
DXB,ALG,https://drive.google.com/file/d/1hGlm5WnL9CPE9sgvlbodCK6d1JWC3YPh/view?usp=drive_link
DXB,AMM,https://drive.google.com/file/d/1hGlm5WnL9CPE9sgvlbodCK6d1JWC3YPh/view?usp=drive_link
DXB,ATH,https://drive.google.com/file/d/1hGlm5WnL9CPE9sgvlbodCK6d1JWC3YPh/view?usp=drive_link
DXB,BCN,https://drive.google.com/file/d/1hGlm5WnL9CPE9sgvlbodCK6d1JWC3YPh/view?usp=drive_link
DXB,BEY,https://drive.google.com/file/d/1hGlm5WnL9CPE9sgvlbodCK6d1JWC3YPh/view?usp=drive_link
DXB,CAI,https://drive.google.com/file/d/1hGlm5WnL9CPE9sgvlbodCK6d1JWC3YPh/view?usp=drive_link
DXB,CMN,https://drive.google.com/file/d/1hGlm5WnL9CPE9sgvlbodCK6d1JWC3YPh/view?usp=drive_link
DXB,FCO,https://drive.google.com/file/d/1hGlm5WnL9CPE9sgvlbodCK6d1JWC3YPh/view?usp=drive_link
DXB,IST,https://drive.google.com/file/d/1hGlm5WnL9CPE9sgvlbodCK6d1JWC3YPh/view?usp=drive_link
DXB,LIS,https://drive.google.com/file/d/1hGlm5WnL9CPE9sgvlbodCK6d1JWC3YPh/view?usp=drive_link
DXB,MAD,https://drive.google.com/file/d/1hGlm5WnL9CPE9sgvlbodCK6d1JWC3YPh/view?usp=drive_link
DXB,MLA,https://drive.google.com/file/d/1hGlm5WnL9CPE9sgvlbodCK6d1JWC3YPh/view?usp=drive_link
DXB,MRS,https://drive.google.com/file/d/1hGlm5WnL9CPE9sgvlbodCK6d1JWC3YPh/view?usp=drive_link
DXB,NKC,https://drive.google.com/file/d/1hGlm5WnL9CPE9sgvlbodCK6d1JWC3YPh/view?usp=drive_link
DXB,TLV,https://drive.google.com/file/d/1hGlm5WnL9CPE9sgvlbodCK6d1JWC3YPh/view?usp=drive_link
DXB,TUN,https://drive.google.com/file/d/1hGlm5WnL9CPE9sgvlbodCK6d1JWC3YPh/view?usp=drive_link
DXB,TIP,https://drive.google.com/file/d/1hGlm5WnL9CPE9sgvlbodCK6d1JWC3YPh/view?usp=drive_link
DXB,VLC,https://drive.google.com/file/d/1hGlm5WnL9CPE9sgvlbodCK6d1JWC3YPh/view?usp=drive_link
DXB,BKK,https://drive.google.com/file/d/1hGlm5WnL9CPE9sgvlbodCK6d1JWC3YPh/view?usp=drive_link
DXB,BOM,https://drive.google.com/file/d/1hGlm5WnL9CPE9sgvlbodCK6d1JWC3YPh/view?usp=drive_link
DXB,JED,https://drive.google.com/file/d/1BTRDCxccE6RpeFaQD-9hQzNpp21psFy6/view?usp=sharing
DXB,PUS,https://drive.google.com/file/d/1hGlm5WnL9CPE9sgvlbodCK6d1JWC3YPh/view?usp=drive_link
JED,ALG,https://drive.google.com/file/d/1hGlm5WnL9CPE9sgvlbodCK6d1JWC3YPh/view?usp=drive_link
JED,AMM,https://drive.google.com/file/d/1hGlm5WnL9CPE9sgvlbodCK6d1JWC3YPh/view?usp=drive_link
JED,ATH,https://drive.google.com/file/d/1hGlm5WnL9CPE9sgvlbodCK6d1JWC3YPh/view?usp=drive_link
JED,BCN,https://drive.google.com/file/d/1hGlm5WnL9CPE9sgvlbodCK6d1JWC3YPh/view?usp=drive_link
JED,BEY,https://drive.google.com/file/d/1hGlm5WnL9CPE9sgvlbodCK6d1JWC3YPh/view?usp=drive_link
JED,CAI,https://drive.google.com/file/d/1hGlm5WnL9CPE9sgvlbodCK6d1JWC3YPh/view?usp=drive_link
JED,CMN,https://drive.google.com/file/d/1hGlm5WnL9CPE9sgvlbodCK6d1JWC3YPh/view?usp=drive_link
JED,FCO,https://drive.google.com/file/d/1hGlm5WnL9CPE9sgvlbodCK6d1JWC3YPh/view?usp=drive_link
JED,IST,https://drive.google.com/file/d/1hGlm5WnL9CPE9sgvlbodCK6d1JWC3YPh/view?usp=drive_link
JED,LIS,https://drive.google.com/file/d/1hGlm5WnL9CPE9sgvlbodCK6d1JWC3YPh/view?usp=drive_link
JED,MAD,https://drive.google.com/file/d/1hGlm5WnL9CPE9sgvlbodCK6d1JWC3YPh/view?usp=drive_link
JED,MLA,https://drive.google.com/file/d/1hGlm5WnL9CPE9sgvlbodCK6d1JWC3YPh/view?usp=drive_link
JED,MRS,https://drive.google.com/file/d/1hGlm5WnL9CPE9sgvlbodCK6d1JWC3YPh/view?usp=drive_link
JED,NKC,https://drive.google.com/file/d/1hGlm5WnL9CPE9sgvlbodCK6d1JWC3YPh/view?usp=drive_link
JED,TLV,https://drive.google.com/file/d/1hGlm5WnL9CPE9sgvlbodCK6d1JWC3YPh/view?usp=drive_link
JED,TUN,https://drive.google.com/file/d/1hGlm5WnL9CPE9sgvlbodCK6d1JWC3YPh/view?usp=drive_link
JED,TIP,https://drive.google.com/file/d/1hGlm5WnL9CPE9sgvlbodCK6d1JWC3YPh/view?usp=drive_link
JED,VLC,https://drive.google.com/file/d/1hGlm5WnL9CPE9sgvlbodCK6d1JWC3YPh/view?usp=drive_link
JED,BKK,https://drive.google.com/file/d/1hGlm5WnL9CPE9sgvlbodCK6d1JWC3YPh/view?usp=drive_link
JED,BOM,https://drive.google.com/file/d/1hGlm5WnL9CPE9sgvlbodCK6d1JWC3YPh/view?usp=drive_link
JED,DXB,https://drive.google.com/file/d/1BTRDCxccE6RpeFaQD-9hQzNpp21psFy6/view?usp=sharing
JED,PUS,https://drive.google.com/file/d/1hGlm5WnL9CPE9sgvlbodCK6d1JWC3YPh/view?usp=drive_link
PUS,ALG,https://drive.google.com/file/d/1hGlm5WnL9CPE9sgvlbodCK6d1JWC3YPh/view?usp=drive_link
PUS,AMM,https://drive.google.com/file/d/1hGlm5WnL9CPE9sgvlbodCK6d1JWC3YPh/view?usp=drive_link
PUS,ATH,https://drive.google.com/file/d/1hGlm5WnL9CPE9sgvlbodCK6d1JWC3YPh/view?usp=drive_link
PUS,BCN,https://drive.google.com/file/d/1hGlm5WnL9CPE9sgvlbodCK6d1JWC3YPh/view?usp=drive_link
PUS,BEY,https://drive.google.com/file/d/1hGlm5WnL9CPE9sgvlbodCK6d1JWC3YPh/view?usp=drive_link
PUS,CAI,https://drive.google.com/file/d/1hGlm5WnL9CPE9sgvlbodCK6d1JWC3YPh/view?usp=drive_link
PUS,CMN,https://drive.google.com/file/d/1hGlm5WnL9CPE9sgvlbodCK6d1JWC3YPh/view?usp=drive_link
PUS,FCO,https://drive.google.com/file/d/1hGlm5WnL9CPE9sgvlbodCK6d1JWC3YPh/view?usp=drive_link
PUS,IST,https://drive.google.com/file/d/1hGlm5WnL9CPE9sgvlbodCK6d1JWC3YPh/view?usp=drive_link
PUS,LIS,https://drive.google.com/file/d/1hGlm5WnL9CPE9sgvlbodCK6d1JWC3YPh/view?usp=drive_link
PUS,MAD,https://drive.google.com/file/d/1hGlm5WnL9CPE9sgvlbodCK6d1JWC3YPh/view?usp=drive_link
PUS,MLA,https://drive.google.com/file/d/1hGlm5WnL9CPE9sgvlbodCK6d1JWC3YPh/view?usp=drive_link
PUS,MRS,https://drive.google.com/file/d/1hGlm5WnL9CPE9sgvlbodCK6d1JWC3YPh/view?usp=drive_link
PUS,NKC,https://drive.google.com/file/d/1hGlm5WnL9CPE9sgvlbodCK6d1JWC3YPh/view?usp=drive_link
PUS,TLV,https://drive.google.com/file/d/1hGlm5WnL9CPE9sgvlbodCK6d1JWC3YPh/view?usp=drive_link
PUS,TUN,https://drive.google.com/file/d/1hGlm5WnL9CPE9sgvlbodCK6d1JWC3YPh/view?usp=drive_link
PUS,TIP,https://drive.google.com/file/d/1hGlm5WnL9CPE9sgvlbodCK6d1JWC3YPh/view?usp=drive_link
PUS,VLC,https://drive.google.com/file/d/1hGlm5WnL9CPE9sgvlbodCK6d1JWC3YPh/view?usp=drive_link
PUS,BKK,https://drive.google.com/file/d/1hGlm5WnL9CPE9sgvlbodCK6d1JWC3YPh/view?usp=drive_link
PUS,BOM,https://drive.google.com/file/d/1hGlm5WnL9CPE9sgvlbodCK6d1JWC3YPh/view?usp=drive_link
PUS,DXB,https://drive.google.com/file/d/1hGlm5WnL9CPE9sgvlbodCK6d1JWC3YPh/view?usp=drive_link
PUS,JED,https://drive.google.com/file/d/1hGlm5WnL9CPE9sgvlbodCK6d1JWC3YPh/view?usp=drive_link
HKG,ALG,https://drive.google.com/file/d/1hGlm5WnL9CPE9sgvlbodCK6d1JWC3YPh/view?usp=drive_link
HKG,AMM,https://drive.google.com/file/d/1hGlm5WnL9CPE9sgvlbodCK6d1JWC3YPh/view?usp=drive_link
HKG,ATH,https://drive.google.com/file/d/1hGlm5WnL9CPE9sgvlbodCK6d1JWC3YPh/view?usp=drive_link
HKG,BCN,https://drive.google.com/file/d/1hGlm5WnL9CPE9sgvlbodCK6d1JWC3YPh/view?usp=drive_link
HKG,BEY,https://drive.google.com/file/d/1hGlm5WnL9CPE9sgvlbodCK6d1JWC3YPh/view?usp=drive_link
HKG,CAI,https://drive.google.com/file/d/1hGlm5WnL9CPE9sgvlbodCK6d1JWC3YPh/view?usp=drive_link
HKG,CMN,https://drive.google.com/file/d/1hGlm5WnL9CPE9sgvlbodCK6d1JWC3YPh/view?usp=drive_link
HKG,FCO,https://drive.google.com/file/d/1hGlm5WnL9CPE9sgvlbodCK6d1JWC3YPh/view?usp=drive_link
HKG,IST,https://drive.google.com/file/d/1hGlm5WnL9CPE9sgvlbodCK6d1JWC3YPh/view?usp=drive_link
HKG,LIS,https://drive.google.com/file/d/1hGlm5WnL9CPE9sgvlbodCK6d1JWC3YPh/view?usp=drive_link
HKG,MAD,https://drive.google.com/file/d/1hGlm5WnL9CPE9sgvlbodCK6d1JWC3YPh/view?usp=drive_link
HKG,MLA,https://drive.google.com/file/d/1hGlm5WnL9CPE9sgvlbodCK6d1JWC3YPh/view?usp=drive_link
HKG,MRS,https://drive.google.com/file/d/1hGlm5WnL9CPE9sgvlbodCK6d1JWC3YPh/view?usp=drive_link
HKG,NKC,https://drive.google.com/file/d/1hGlm5WnL9CPE9sgvlbodCK6d1JWC3YPh/view?usp=drive_link
HKG,TLV,https://drive.google.com/file/d/1hGlm5WnL9CPE9sgvlbodCK6d1JWC3YPh/view?usp=drive_link
HKG,TUN,https://drive.google.com/file/d/1hGlm5WnL9CPE9sgvlbodCK6d1JWC3YPh/view?usp=drive_link
HKG,TIP,https://drive.google.com/file/d/1hGlm5WnL9CPE9sgvlbodCK6d1JWC3YPh/view?usp=drive_link
HKG,VLC,https://drive.google.com/file/d/1hGlm5WnL9CPE9sgvlbodCK6d1JWC3YPh/view?usp=drive_link
HKG,BKK,https://drive.google.com/file/d/1hGlm5WnL9CPE9sgvlbodCK6d1JWC3YPh/view?usp=drive_link
HKG,BOM,https://drive.google.com/file/d/1hGlm5WnL9CPE9sgvlbodCK6d1JWC3YPh/view?usp=drive_link
HKG,DXB,https://drive.google.com/file/d/1hGlm5WnL9CPE9sgvlbodCK6d1JWC3YPh/view?usp=drive_link
HKG,JED,https://drive.google.com/file/d/1hGlm5WnL9CPE9sgvlbodCK6d1JWC3YPh/view?usp=drive_link
HKG,PUS,https://drive.google.com/file/d/1hGlm5WnL9CPE9sgvlbodCK6d1JWC3YPh/view?usp=drive_link
SCHENGEN,AMM,https://drive.google.com/file/d/1wP6UGZ0nxAmOPZsuBdK7QV41t__uS1ZO/view?usp=drive_link
AFCFTA,AMM,https://drive.google.com/file/d/1vjVr2oi8iS-rFKTlvGG1HRYOjVUrg4ae/view?usp=drive_link
WCO,AMM,https://drive.google.com/file/d/1hGlm5WnL9CPE9sgvlbodCK6d1JWC3YPh/view?usp=drive_link
ASEAN,AMM,https://drive.google.com/file/d/11VLdr-PIN5LnXYtvbUFotU3CUGjlqyxC/view?usp=drive_link
GCC,AMM,https://drive.google.com/file/d/1BTRDCxccE6RpeFaQD-9hQzNpp21psFy6/view?usp=sharing
